timestamp,gen,pop,births,deaths,food,poison,max_lineage,avg_size,avg_speed,avg_connects,max_age,max_energy,season,avg_immunity,avg_insulation,infected_pop,avg_chloroplast,avg_scavenger,avg_carnivore,fertilizer
2026-09-17T11:14:26.629Z,0,600,200,0,1010,86,1,1.515,1.762,2.8,2,695.5,0,0.474,0.499,0,0.004,0.004,0.004,24973.4
2026-09-17T11:16:03.098Z,1,600,409,609,1019,202,1,1.483,1.808,2.9,1,899.9,0,0.497,0.492,0,0.003,0.004,0.004,19352.5
2026-09-17T11:24:25.048Z,2,600,1868,2468,1018,95,1,1.507,1.750,2.9,2,697.5,0,0.498,0.506,0,0.004,0.004,0.004,24126.8
2026-09-17T11:25:26.258Z,3,600,2077,3077,1023,93,1,1.463,1.700,3.0,2,629.1,0,0.528,0.503,0,0.003,0.004,0.004,24900.0
2026-09-17T11:25:59.848Z,0,600,200,0,254,94,1,1.467,1.782,3.0,2,618.0,0,0.501,0.511,0,0.003,0.004,0.004,10721.4
2026-09-17T11:26:58.831Z,1,600,403,603,267,79,1,1.517,1.795,3.0,2,625.8,0,0.485,0.507,0,0.004,0.004,0.005,10668.4
2026-09-17T11:27:58.619Z,2,600,611,1211,262,88,1,1.536,1.742,3.1,1,899.5,0,0.494,0.496,0,0.004,0.005,0.004,10285.2
2026-09-17T11:29:07.703Z,3,600,818,1818,278,83,1,1.464,1.741,3.1,1,917.0,0,0.509,0.504,0,0.004,0.004,0.004,10635.2
2026-09-17T11:31:05.352Z,4,600,1028,2428,284,65,1,1.484,1.655,3.0,3,631.7,0,0.493,0.507,0,0.005,0.004,0.004,10631.6
2026-09-17T11:32:08.831Z,5,600,1244,3044,252,91,1,1.513,1.787,3.1,2,623.4,0,0.485,0.520,0,0.003,0.004,0.004,10727.3
2026-09-17T11:33:17.345Z,6,600,1447,3647,261,91,1,1.545,1.779,3.1,1,896.2,0,0.493,0.512,0,0.004,0.004,0.004,10041.1
2026-09-17T11:34:24.107Z,7,400,1455,4255,308,92,0,1.506,1.653,2.9,0,1000.0,0,0.504,0.496,0,0.000,0.000,0.000,10000.0
2026-09-17T11:44:24.168Z,7,6,1761,4955,494,3,10,2.128,0.921,4.3,7896,541.5,2,0.089,0.832,0,0.056,0.139,0.037,54.9
2026-09-17T11:45:45.395Z,8,600,1961,4961,272,91,1,1.527,1.751,3.0,2,632.4,0,0.493,0.483,0,0.004,0.004,0.004,10063.7
2026-09-17T11:48:04.460Z,9,600,2171,5571,255,94,1,1.505,1.803,3.1,1,898.7,0,0.473,0.487,0,0.004,0.004,0.004,10395.6
2026-09-17T11:49:08.220Z,10,600,2379,6179,277,82,1,1.572,1.749,3.0,1,895.6,0,0.483,0.473,0,0.004,0.004,0.004,10344.3
2026-09-17T11:50:14.499Z,11,400,2384,6784,304,96,0,1.476,1.701,3.0,0,1000.0,0,0.485,0.495,0,0.000,0.000,0.000,10000.0
2026-09-17T11:53:10.773Z,12,600,3528,8128,292,70,1,1.435,1.766,3.0,2,598.8,0,0.499,0.501,0,0.004,0.004,0.004,10540.1
2026-09-17T11:55:44.859Z,13,600,3775,8775,271,74,1,1.520,1.789,3.1,1,898.1,0,0.490,0.518,0,0.005,0.004,0.004,10467.8
2026-09-17T11:57:42.163Z,14,600,3993,9393,274,74,1,1.527,1.753,3.0,2,628.8,0,0.475,0.484,0,0.004,0.004,0.004,10669.4
2026-09-17T12:01:38.214Z,15,400,4389,10389,291,109,0,1.556,1.789,3.0,0,1000.0,0,0.528,0.505,0,0.000,0.000,0.000,10000.0
2026-09-17T12:02:50.412Z,16,400,4594,10994,296,104,0,1.468,1.744,3.0,0,1000.0,0,0.507,0.511,0,0.000,0.000,0.000,10000.0
2026-09-17T12:04:00.670Z,17,600,5000,11600,272,82,1,1.486,1.750,3.0,1,897.9,0,0.499,0.466,0,0.005,0.003,0.004,10395.4
2026-09-17T12:06:09.118Z,18,600,5215,12215,265,77,1,1.475,1.745,3.0,2,623.6,0,0.493,0.517,0,0.004,0.004,0.004,10551.4
2026-09-17T12:07:22.002Z,19,400,5225,12825,289,111,0,1.514,1.757,2.9,0,1000.0,0,0.501,0.504,0,0.000,0.000,0.000,10000.0
2026-09-17T12:12:22.289Z,20,400,5531,13531,299,101,0,1.455,1.772,3.0,0,1000.0,0,0.512,0.484,0,0.000,0.000,0.000,10000.0
2026-09-17T12:22:22.308Z,20,32,5977,14345,446,6,20,1.561,2.433,7.0,4988,457.4,2,0.557,0.934,0,0.032,0.031,0.040,184.8
2026-09-17T12:24:13.736Z,21,600,6195,14395,274,90,1,1.519,1.793,3.0,1,898.7,0,0.512,0.486,0,0.003,0.005,0.004,10158.6
2026-09-17T12:25:17.738Z,22,400,6201,15001,296,104,0,1.433,1.756,3.1,0,1000.0,0,0.493,0.490,0,0.000,0.000,0.000,10000.0
2026-09-17T12:30:52.554Z,23,600,6715,15715,286,66,1,1.551,1.765,3.0,2,602.8,0,0.484,0.503,0,0.005,0.004,0.004,10782.9
2026-09-17T12:39:38.193Z,24,400,6850,16450,302,98,0,1.506,1.783,2.9,0,1000.0,0,0.503,0.489,0,0.000,0.000,0.000,10000.0
2026-09-17T12:41:44.790Z,25,600,7255,17055,267,78,1,1.482,1.777,3.0,3,612.3,0,0.516,0.504,0,0.004,0.004,0.004,10993.0
2026-09-17T12:42:46.763Z,26,600,7464,17664,269,78,1,1.507,1.732,3.2,1,898.2,0,0.509,0.484,0,0.005,0.004,0.004,10219.7
2026-09-17T12:44:16.045Z,27,600,7668,18268,276,72,1,1.473,1.735,3.0,3,598.8,0,0.461,0.525,0,0.004,0.004,0.004,10513.7
2026-09-17T12:46:40.132Z,28,600,7873,18873,271,85,1,1.514,1.733,3.1,2,599.2,0,0.480,0.482,0,0.004,0.004,0.004,10487.5
2026-09-17T12:53:49.369Z,29,600,8271,19671,266,83,1,1.536,1.768,3.0,2,614.8,0,0.481,0.483,0,0.004,0.004,0.005,10665.2
2026-09-17T12:54:47.621Z,30,600,8479,20279,277,78,1,1.522,1.682,3.0,1,946.5,0,0.497,0.512,0,0.004,0.004,0.004,10160.8
2026-09-17T13:02:41.644Z,31,400,8631,21031,304,96,0,1.533,1.795,3.0,0,1000.0,0,0.496,0.480,0,0.000,0.000,0.000,10000.0
2026-09-17T13:04:08.888Z,32,600,9042,21642,266,76,1,1.493,1.734,3.0,2,635.1,0,0.487,0.495,0,0.005,0.004,0.004,10843.7
2026-09-17T13:06:13.613Z,33,600,9265,22265,295,62,1,1.466,1.816,3.0,2,598.1,0,0.512,0.521,0,0.004,0.004,0.004,10535.2
2026-09-17T13:07:58.971Z,34,400,9271,22871,301,99,0,1.501,1.746,2.9,0,1000.0,0,0.512,0.514,0,0.000,0.000,0.000,10000.0
2026-09-17T13:11:53.870Z,35,600,10130,23930,279,65,1,1.520,1.743,3.1,3,608.2,0,0.509,0.497,0,0.004,0.005,0.004,11054.0
2026-09-17T13:17:07.848Z,36,400,10333,24733,307,93,0,1.497,1.752,3.0,0,1000.0,0,0.494,0.499,0,0.000,0.000,0.000,10000.0
2026-09-17T13:18:11.276Z,37,600,10740,25340,281,66,1,1.507,1.760,3.1,4,635.5,0,0.526,0.517,0,0.004,0.004,0.004,11144.5
2026-09-17T13:22:10.845Z,38,400,10750,25950,298,102,0,1.458,1.771,3.0,0,1000.0,0,0.479,0.515,0,0.000,0.000,0.000,10000.0
2026-09-17T13:23:07.845Z,39,600,11160,26560,255,82,1,1.516,1.764,2.9,2,645.1,0,0.501,0.490,0,0.005,0.004,0.004,10784.9
2026-09-17T13:24:41.855Z,40,400,11164,27164,302,98,0,1.498,1.726,3.1,0,1000.0,0,0.487,0.495,0,0.000,0.000,0.000,10000.0
2026-09-17T13:25:48.836Z,41,600,11567,27767,264,83,1,1.508,1.819,2.9,1,935.5,0,0.515,0.489,0,0.004,0.004,0.004,10216.6
2026-09-17T13:26:48.696Z,42,600,11778,28378,265,85,1,1.504,1.683,3.1,1,898.9,0,0.503,0.508,0,0.005,0.004,0.004,10395.9
2026-09-17T13:27:48.572Z,43,600,11984,28984,279,77,1,1.438,1.810,3.0,1,923.0,0,0.513,0.498,0,0.004,0.004,0.004,10515.0
2026-09-17T13:29:01.027Z,44,600,12189,29589,274,79,1,1.504,1.763,3.0,3,633.6,0,0.493,0.494,0,0.004,0.005,0.004,10512.3
2026-09-17T13:32:39.364Z,45,400,12200,30200,291,109,0,1.523,1.733,3.0,0,1000.0,0,0.497,0.506,0,0.000,0.000,0.000,10000.0
2026-09-17T13:33:56.516Z,46,400,12409,30809,308,92,0,1.518,1.691,3.0,0,1000.0,0,0.510,0.508,0,0.000,0.000,0.000,10000.0
2026-09-17T13:34:56.032Z,47,600,12819,31419,264,93,1,1.533,1.740,3.0,1,896.5,0,0.486,0.489,0,0.004,0.004,0.004,10101.8
2026-09-17T13:36:08.393Z,0,600,200,0,281,84,1,1.505,1.811,3.0,2,624.3,0,0.519,0.486,0,0.005,0.004,0.005,10185.5
2026-09-17T13:43:36.913Z,1,600,437,637,286,78,1,1.465,1.729,3.1,2,624.6,0,0.528,0.476,0,0.004,0.004,0.004,10359.2
2026-09-17T13:44:41.479Z,2,400,450,1250,303,97,0,1.504,1.753,3.1,0,1000.0,0,0.497,0.506,0,0.000,0.000,0.000,10000.0
2026-09-17T13:52:42.354Z,3,600,980,1980,278,80,1,1.515,1.672,3.0,2,612.2,0,0.494,0.479,0,0.004,0.003,0.004,10248.4
2026-09-17T13:53:45.570Z,4,600,1182,2582,277,80,1,1.550,1.751,3.1,1,910.4,0,0.498,0.494,0,0.004,0.004,0.005,10221.1
2026-09-17T14:01:40.171Z,5,400,1378,3378,285,115,0,1.515,1.759,2.9,0,1000.0,0,0.533,0.496,0,0.000,0.000,0.000,10000.0
2026-09-17T14:03:49.782Z,6,600,1784,3984,281,69,1,1.495,1.704,3.1,2,622.2,0,0.494,0.480,0,0.004,0.004,0.004,10187.6
2026-09-17T14:06:05.385Z,7,600,1988,4588,268,86,1,1.455,1.804,3.1,1,897.1,0,0.486,0.511,0,0.004,0.004,0.004,10394.9
2026-09-17T14:13:50.068Z,8,600,2492,5492,271,89,1,1.499,1.803,3.0,1,899.2,0,0.502,0.498,0,0.004,0.004,0.004,10209.7
2026-09-17T14:15:00.646Z,9,600,2702,6102,265,93,1,1.553,1.774,3.1,1,898.4,0,0.485,0.489,0,0.004,0.004,0.005,9976.0
2026-09-17T14:16:38.569Z,10,600,2908,6708,267,84,1,1.546,1.747,3.0,2,629.6,0,0.516,0.514,0,0.004,0.004,0.005,10427.1
2026-09-17T14:26:38.574Z,10,7,3477,7870,291,6,26,0.597,1.433,7.9,4081,105.3,2,0.523,0.675,0,0.134,0.120,0.059,40.7
2026-09-17T14:27:26.441Z,11,400,3478,7878,294,106,0,1.520,1.718,3.2,0,1000.0,0,0.487,0.497,0,0.000,0.000,0.000,10000.0
2026-09-17T14:28:26.395Z,12,600,3886,8486,266,74,1,1.545,1.747,3.1,3,617.6,0,0.521,0.486,0,0.004,0.004,0.003,10700.8
2026-09-17T14:29:26.061Z,13,400,3890,9090,299,101,0,1.517,1.775,3.0,0,1000.0,0,0.491,0.486,0,0.000,0.000,0.000,10000.0
2026-09-17T14:30:42.890Z,14,600,4301,9701,267,84,1,1.548,1.724,3.0,3,613.0,0,0.491,0.483,0,0.004,0.005,0.004,10515.4
2026-09-17T14:32:02.283Z,15,600,4507,10307,266,85,1,1.532,1.802,2.9,2,634.4,0,0.492,0.517,0,0.004,0.004,0.004,10249.8
2026-09-17T14:34:05.463Z,16,600,4716,10916,268,86,1,1.548,1.804,3.0,1,899.7,0,0.501,0.474,0,0.004,0.004,0.004,10276.9
2026-09-17T14:36:51.172Z,17,400,4732,11532,311,89,0,1.525,1.824,3.0,0,1000.0,0,0.486,0.517,0,0.000,0.000,0.000,10000.0
2026-09-17T14:38:00.050Z,18,600,5138,12138,254,87,1,1.494,1.732,3.0,2,636.2,0,0.470,0.458,0,0.005,0.004,0.004,10246.2
2026-09-17T14:46:39.267Z,19,600,5446,12846,270,89,1,1.468,1.665,2.9,2,598.3,0,0.492,0.508,0,0.003,0.004,0.004,10064.4
2026-09-17T14:47:41.914Z,20,600,5656,13456,291,75,1,1.524,1.723,3.0,2,631.4,0,0.522,0.523,0,0.004,0.004,0.004,10125.3
2026-09-17T14:48:54.337Z,21,400,5659,14059,312,88,0,1.469,1.720,3.0,0,1000.0,0,0.499,0.517,0,0.000,0.000,0.000,10000.0
2026-09-17T14:50:05.330Z,22,600,6063,14663,264,80,1,1.558,1.793,3.1,3,613.8,0,0.475,0.501,0,0.004,0.004,0.004,10516.8
2026-09-17T14:51:04.537Z,23,600,6269,15269,276,76,1,1.535,1.709,3.0,2,608.2,0,0.489,0.504,0,0.005,0.005,0.004,10306.8
2026-09-17T14:52:08.782Z,24,600,6477,15877,279,74,1,1.485,1.702,3.0,3,624.9,0,0.502,0.511,0,0.004,0.005,0.004,10390.0
2026-09-17T14:53:25.388Z,25,600,6681,16481,285,71,1,1.500,1.765,3.0,1,899.0,0,0.491,0.502,0,0.004,0.005,0.004,10270.7
2026-09-17T14:54:27.623Z,26,600,6887,17087,274,87,1,1.464,1.730,3.0,2,595.8,0,0.513,0.503,0,0.004,0.004,0.004,10541.3
2026-09-17T14:55:26.163Z,27,600,7100,17700,272,96,1,1.455,1.703,3.0,1,897.7,0,0.500,0.499,0,0.005,0.004,0.005,9976.6
2026-09-17T14:59:21.460Z,28,400,7344,18544,298,102,0,1.444,1.782,3.1,0,1000.0,0,0.498,0.484,0,0.000,0.000,0.000,10000.0
2026-09-17T15:01:14.878Z,29,600,8391,19791,268,84,1,1.466,1.683,3.1,1,897.3,0,0.517,0.507,0,0.004,0.005,0.004,9978.0
2026-09-17T15:10:08.523Z,30,600,8850,20650,268,86,1,1.546,1.772,3.0,1,916.7,0,0.510,0.488,0,0.004,0.004,0.004,10217.3
2026-09-17T15:11:17.997Z,31,600,9055,21255,279,77,1,1.510,1.774,3.0,2,613.8,0,0.495,0.486,0,0.004,0.004,0.004,10362.1
2026-09-17T15:12:28.440Z,32,600,9261,21861,280,85,1,1.457,1.788,2.9,1,899.2,0,0.492,0.505,0,0.004,0.004,0.005,10212.9
2026-09-17T15:13:56.996Z,33,600,9481,22481,278,78,1,1.558,1.711,3.1,3,633.2,0,0.500,0.491,0,0.004,0.004,0.004,10277.2
2026-09-17T15:15:57.174Z,34,600,9685,23085,272,71,1,1.483,1.714,3.0,3,625.5,0,0.484,0.503,0,0.004,0.004,0.003,10569.6
2026-09-17T15:17:16.722Z,35,600,9896,23696,274,84,1,1.455,1.787,3.0,2,623.9,0,0.498,0.504,0,0.004,0.004,0.004,10185.8
2026-09-17T15:21:20.467Z,36,400,10276,24676,289,111,0,1.525,1.755,3.0,0,1000.0,0,0.493,0.510,0,0.000,0.000,0.000,10000.0
2026-09-17T15:24:23.681Z,37,600,10681,25281,280,68,1,1.482,1.726,3.0,2,627.7,0,0.500,0.499,0,0.004,0.004,0.004,10432.1
2026-09-17T15:25:25.488Z,38,600,10891,25891,275,64,1,1.456,1.763,3.1,2,629.7,0,0.491,0.503,0,0.004,0.004,0.004,10549.7
2026-09-17T15:26:25.931Z,39,600,11096,26496,274,69,1,1.527,1.778,2.9,4,640.7,0,0.513,0.527,0,0.004,0.005,0.004,10537.9
2026-09-17T15:27:27.719Z,40,400,11102,27102,319,81,0,1.486,1.767,2.9,0,1000.0,0,0.486,0.489,0,0.000,0.000,0.000,10000.0
2026-09-17T15:28:25.759Z,41,600,11508,27708,287,88,1,1.510,1.788,3.0,1,898.8,0,0.477,0.487,0,0.004,0.004,0.004,10031.7
2026-09-17T15:34:13.659Z,42,600,11771,28371,282,80,1,1.503,1.789,3.0,2,595.4,0,0.481,0.508,0,0.004,0.004,0.004,10247.0
2026-09-17T15:36:39.866Z,43,600,11984,28984,285,69,1,1.450,1.755,3.0,3,633.4,0,0.512,0.495,0,0.004,0.004,0.004,10091.3
2026-09-17T15:46:39.920Z,43,12,12060,29648,965,2,8,1.518,2.199,6.1,13683,411.4,2,0.971,0.969,0,0.011,0.047,0.039,292.7
2026-09-17T15:53:58.175Z,44,600,12332,29732,271,85,1,1.537,1.795,3.1,1,888.8,0,0.487,0.471,0,0.004,0.005,0.004,10275.7
2026-09-17T15:54:56.980Z,45,600,12538,30338,284,69,1,1.525,1.697,3.0,2,630.0,0,0.523,0.502,0,0.004,0.005,0.003,10189.3
2026-09-17T15:56:12.199Z,46,400,12546,30946,294,106,0,1.540,1.706,3.0,0,1000.0,0,0.484,0.522,0,0.000,0.000,0.000,10000.0
2026-09-17T15:58:10.660Z,47,400,12757,31557,299,101,0,1.509,1.689,3.1,0,1000.0,0,0.528,0.497,0,0.000,0.000,0.000,10000.0
2026-09-17T15:59:15.880Z,48,600,13169,32169,288,76,1,1.464,1.767,3.0,3,634.8,0,0.470,0.495,0,0.004,0.004,0.005,9905.4
2026-09-17T16:01:20.898Z,49,600,13412,32812,281,67,1,1.521,1.745,3.0,2,598.9,0,0.507,0.487,0,0.004,0.004,0.003,10609.3
2026-09-17T16:02:49.146Z,50,600,13616,33416,272,79,1,1.493,1.773,3.1,1,895.5,0,0.498,0.516,0,0.003,0.004,0.004,10216.7
2026-09-17T16:04:43.405Z,51,600,14675,34875,276,67,1,1.537,1.777,3.1,2,627.9,0,0.515,0.519,0,0.004,0.004,0.004,10369.0
2026-09-17T16:05:42.167Z,52,400,14684,35484,312,88,0,1.511,1.744,3.0,0,1000.0,0,0.486,0.498,0,0.000,0.000,0.000,10000.0
2026-09-17T16:06:42.827Z,53,600,15089,36089,270,81,1,1.475,1.818,3.1,1,945.8,0,0.500,0.506,0,0.004,0.004,0.004,10155.0
2026-09-17T16:07:42.209Z,54,600,15299,36699,288,75,1,1.499,1.732,3.0,3,633.6,0,0.491,0.478,0,0.004,0.004,0.004,10270.2
2026-09-17T16:11:07.344Z,55,600,15706,37506,258,97,1,1.548,1.768,3.1,1,899.9,0,0.506,0.519,0,0.003,0.005,0.004,10100.1
2026-09-17T16:15:49.240Z,56,400,15741,38141,298,102,0,1.507,1.788,3.0,0,1000.0,0,0.502,0.490,0,0.000,0.000,0.000,10000.0
2026-09-17T16:17:35.781Z,57,600,16148,38748,292,70,1,1.499,1.823,3.0,2,633.1,0,0.498,0.512,0,0.004,0.004,0.004,10365.1
2026-09-17T16:27:17.278Z,58,600,16506,39506,266,87,1,1.518,1.733,3.0,2,630.1,0,0.470,0.499,0,0.005,0.004,0.004,10010.5
2026-09-17T16:30:01.727Z,59,600,16810,40210,276,72,1,1.521,1.754,3.1,3,599.6,0,0.526,0.492,0,0.004,0.004,0.004,10150.6
2026-09-17T16:31:16.987Z,60,600,17020,40820,264,96,1,1.453,1.806,2.9,1,897.9,0,0.504,0.502,0,0.004,0.005,0.004,10035.0
2026-09-17T16:35:36.901Z,61,600,17240,41440,276,91,1,1.487,1.760,2.8,3,628.9,0,0.505,0.486,0,0.005,0.004,0.004,10206.5
2026-09-17T16:36:36.766Z,62,600,17446,42046,293,60,1,1.502,1.722,3.0,3,633.2,0,0.520,0.514,0,0.004,0.005,0.004,10574.3
2026-09-17T16:40:55.304Z,63,600,17833,42833,283,83,1,1.513,1.736,3.0,2,629.7,0,0.503,0.498,0,0.005,0.004,0.005,10237.8
2026-09-17T16:43:27.429Z,64,400,17840,43440,309,91,0,1.465,1.829,3.0,0,1000.0,0,0.496,0.489,0,0.000,0.000,0.000,10000.0
2026-09-17T16:46:43.201Z,65,400,18052,44052,297,103,0,1.530,1.766,3.1,0,1000.0,0,0.514,0.501,0,0.000,0.000,0.000,10000.0
2026-09-17T16:47:42.511Z,66,600,18456,44656,280,65,1,1.473,1.707,3.0,3,677.8,0,0.481,0.500,0,0.004,0.004,0.004,10870.2
2026-09-17T16:53:04.048Z,67,600,18801,45401,291,73,1,1.515,1.826,3.0,2,630.8,0,0.485,0.494,0,0.004,0.004,0.004,10005.5
2026-09-17T16:54:03.589Z,68,600,19002,46002,267,91,1,1.563,1.757,3.0,1,899.1,0,0.474,0.513,0,0.004,0.003,0.004,9859.0
2026-09-17T16:55:10.627Z,69,600,19206,46606,266,96,1,1.496,1.779,3.0,1,896.9,0,0.501,0.512,0,0.005,0.004,0.004,10037.7
2026-09-17T16:57:20.100Z,70,600,19413,47213,269,87,1,1.501,1.796,3.0,1,907.3,0,0.507,0.492,0,0.004,0.004,0.005,10395.8
2026-09-17T17:02:14.833Z,71,600,19641,47841,274,87,1,1.506,1.732,3.1,2,594.7,0,0.470,0.483,0,0.004,0.004,0.004,10601.3
2026-09-17T17:03:14.807Z,72,600,19846,48446,288,71,1,1.507,1.726,3.1,1,940.8,0,0.519,0.480,0,0.004,0.005,0.004,10219.5
2026-09-17T17:04:22.849Z,73,400,19852,49052,303,97,0,1.510,1.687,3.0,0,1000.0,0,0.486,0.524,0,0.000,0.000,0.000,10000.0
2026-09-17T17:06:52.283Z,74,600,20270,49670,271,77,1,1.479,1.713,3.1,1,899.8,0,0.489,0.492,0,0.004,0.004,0.004,10399.2
2026-09-17T17:08:28.845Z,75,600,20485,50285,277,82,1,1.542,1.705,3.1,2,599.4,0,0.476,0.506,0,0.004,0.004,0.004,10070.9
2026-09-17T17:11:54.269Z,76,600,20696,50896,272,79,1,1.521,1.693,3.0,3,629.2,0,0.503,0.457,0,0.004,0.005,0.004,10573.1
2026-09-17T17:16:11.819Z,77,400,21098,51898,291,109,0,1.562,1.722,3.0,0,1000.0,0,0.502,0.506,0,0.000,0.000,0.000,10000.0
2026-09-17T17:21:21.619Z,78,600,21514,52514,277,83,1,1.542,1.712,3.1,1,899.5,0,0.511,0.496,0,0.005,0.005,0.004,9974.6
2026-09-17T17:23:14.149Z,79,400,21524,53124,304,96,0,1.503,1.747,3.0,0,1000.0,0,0.503,0.508,0,0.000,0.000,0.000,10000.0
2026-09-17T17:25:21.622Z,80,600,22669,54469,280,81,1,1.488,1.779,3.1,3,598.6,0,0.493,0.498,0,0.004,0.005,0.005,10094.8
2026-09-17T17:31:21.778Z,81,400,22703,55103,306,94,0,1.510,1.782,3.0,0,1000.0,0,0.482,0.512,0,0.000,0.000,0.000,10000.0
2026-09-17T17:32:29.409Z,82,600,23108,55708,275,84,1,1.478,1.673,3.1,1,898.2,0,0.510,0.504,0,0.004,0.004,0.004,10097.2
2026-09-17T17:42:29.431Z,82,9,23374,56565,436,4,32,1.427,0.743,13.8,8426,409.0,2,0.404,0.199,0,0.084,0.073,0.086,91.2
2026-09-17T17:45:01.613Z,83,600,23591,56591,254,85,1,1.466,1.742,3.1,2,594.4,0,0.485,0.513,0,0.003,0.004,0.005,10545.9
2026-09-17T17:46:02.328Z,84,600,23800,57200,279,70,1,1.503,1.676,3.1,3,650.4,0,0.486,0.525,0,0.004,0.005,0.004,10632.5
2026-09-17T17:47:59.224Z,85,400,23831,57831,299,101,0,1.558,1.752,2.9,0,1000.0,0,0.513,0.521,0,0.000,0.000,0.000,10000.0
2026-09-17T17:52:55.680Z,86,600,24499,58699,286,76,1,1.533,1.788,3.0,2,597.2,0,0.522,0.474,0,0.004,0.004,0.003,10185.0
2026-09-17T17:54:28.204Z,87,400,24509,59309,307,93,0,1.580,1.673,3.1,0,1000.0,0,0.494,0.483,0,0.000,0.000,0.000,10000.0
2026-09-17T17:55:30.233Z,88,600,24915,59915,291,59,1,1.535,1.755,3.1,3,659.5,0,0.510,0.488,0,0.004,0.005,0.004,10333.1
2026-09-17T17:56:46.197Z,89,600,25122,60522,262,90,1,1.485,1.811,3.1,1,899.3,0,0.495,0.504,0,0.004,0.004,0.005,10336.4
2026-09-17T17:57:42.468Z,90,400,25133,61133,305,95,0,1.448,1.767,3.0,0,1000.0,0,0.501,0.492,0,0.000,0.000,0.000,10000.0
2026-09-17T17:59:12.385Z,91,400,25342,61742,295,105,0,1.513,1.743,3.0,0,1000.0,0,0.511,0.516,0,0.000,0.000,0.000,10000.0
2026-09-17T18:09:12.420Z,91,3,25822,62619,363,6,13,1.003,1.245,7.3,8218,261.7,2,0.205,0.694,0,0.032,0.023,0.014,58.7
2026-09-17T18:09:34.950Z,92,600,26022,62622,265,81,1,1.539,1.765,3.0,1,898.7,0,0.524,0.516,0,0.004,0.004,0.004,10046.0
2026-09-17T18:13:36.223Z,93,600,26394,63394,286,62,1,1.527,1.748,3.1,3,635.4,0,0.510,0.503,0,0.005,0.004,0.005,10330.9
2026-09-17T18:14:31.971Z,94,600,26606,64006,262,89,1,1.459,1.790,3.1,1,899.8,0,0.495,0.499,0,0.004,0.004,0.005,10154.9
2026-09-17T18:16:16.150Z,95,600,26824,64624,270,83,1,1.503,1.699,3.0,2,628.0,0,0.481,0.520,0,0.004,0.005,0.004,10483.2
2026-09-17T18:17:13.258Z,96,400,26830,65230,289,111,0,1.500,1.690,2.8,0,1000.0,0,0.504,0.489,0,0.000,0.000,0.000,10000.0
2026-09-17T18:18:21.958Z,97,600,27240,65840,286,79,1,1.543,1.757,3.0,4,631.3,0,0.489,0.483,0,0.004,0.003,0.004,10362.0
2026-09-17T18:19:21.088Z,98,600,27447,66447,275,79,1,1.487,1.742,2.9,2,617.1,0,0.501,0.478,0,0.004,0.004,0.004,10133.0
2026-09-17T18:20:13.642Z,99,400,27450,67050,294,106,0,1.493,1.622,2.9,0,1000.0,0,0.484,0.472,0,0.000,0.000,0.000,10000.0
2026-09-17T18:21:13.224Z,100,600,27859,67659,272,80,1,1.560,1.720,3.0,2,635.3,0,0.487,0.531,0,0.005,0.005,0.005,10246.7
2026-09-17T18:24:18.322Z,101,400,27885,68285,290,110,0,1.482,1.674,3.1,0,1000.0,0,0.497,0.496,0,0.000,0.000,0.000,10000.0
2026-09-17T18:25:46.498Z,102,600,28291,68891,271,74,1,1.496,1.757,3.1,4,634.3,0,0.508,0.500,0,0.004,0.004,0.004,10602.6
2026-09-17T18:35:46.545Z,102,17,28401,69584,780,2,12,1.341,2.035,7.4,12179,337.3,2,0.562,0.084,0,0.084,0.032,0.031,172.3
2026-09-17T18:38:54.199Z,103,600,28639,69639,283,76,1,1.474,1.790,3.0,1,898.1,0,0.480,0.497,0,0.004,0.004,0.005,9977.3
2026-09-17T18:39:50.530Z,104,600,28843,70243,260,90,1,1.510,1.791,3.0,1,897.7,0,0.496,0.528,0,0.004,0.004,0.004,10096.6
2026-09-17T18:40:43.064Z,105,600,29054,70854,287,77,1,1.452,1.775,3.1,2,632.9,0,0.495,0.500,0,0.004,0.004,0.005,10299.9
2026-09-17T18:47:45.536Z,106,400,29062,71462,292,108,0,1.529,1.853,3.1,0,1000.0,0,0.507,0.507,0,0.000,0.000,0.000,10000.0
2026-09-17T18:48:54.807Z,107,400,29271,72071,321,79,0,1.480,1.832,3.0,0,1000.0,0,0.490,0.496,0,0.000,0.000,0.000,10000.0
2026-09-17T18:56:32.215Z,108,600,29831,72831,272,81,1,1.533,1.689,3.1,2,634.7,0,0.493,0.503,0,0.004,0.004,0.004,10125.7
2026-09-17T19:00:18.981Z,109,600,30226,73626,276,77,1,1.515,1.761,3.0,2,670.8,0,0.498,0.501,0,0.004,0.005,0.004,10366.5
2026-09-17T19:01:18.066Z,110,600,30430,74230,274,69,1,1.460,1.734,2.9,3,632.1,0,0.526,0.495,0,0.005,0.005,0.004,10688.3
2026-09-17T19:02:29.996Z,111,600,30643,74843,281,77,1,1.516,1.759,3.0,2,623.7,0,0.512,0.496,0,0.005,0.004,0.004,10124.9
2026-09-17T19:10:31.598Z,112,600,31036,75636,271,91,1,1.492,1.776,3.1,1,904.9,0,0.506,0.503,0,0.004,0.004,0.004,10157.3
2026-09-17T19:11:39.746Z,113,400,31045,76245,306,94,0,1.454,1.730,3.0,0,1000.0,0,0.505,0.515,0,0.000,0.000,0.000,10000.0
2026-09-17T19:13:56.522Z,114,400,31255,76855,295,105,0,1.471,1.730,3.0,0,1000.0,0,0.527,0.497,0,0.000,0.000,0.000,10000.0
2026-09-17T19:16:00.016Z,115,600,31661,77461,268,79,1,1.468,1.793,3.1,1,898.9,0,0.515,0.475,0,0.004,0.004,0.004,10159.2
2026-09-17T19:17:02.694Z,116,600,31865,78065,269,89,1,1.525,1.702,2.9,4,597.7,0,0.464,0.496,0,0.004,0.004,0.004,10294.0
2026-09-17T19:18:18.044Z,117,600,32074,78674,285,77,1,1.436,1.777,3.0,2,590.3,0,0.507,0.540,0,0.004,0.004,0.004,10124.4
2026-09-17T19:19:13.808Z,118,600,32280,79280,281,76,1,1.493,1.757,2.9,3,625.1,0,0.498,0.487,0,0.004,0.004,0.005,10206.1
2026-09-17T19:24:13.976Z,119,600,32616,80016,281,73,1,1.453,1.760,3.0,2,635.4,0,0.509,0.527,0,0.004,0.004,0.004,10659.2
2026-09-17T19:26:08.210Z,120,600,32833,80633,284,74,1,1.474,1.742,2.9,2,628.7,0,0.518,0.497,0,0.004,0.005,0.004,10249.2
2026-09-17T19:27:06.644Z,121,400,32839,81239,292,108,0,1.476,1.739,3.0,0,1000.0,0,0.504,0.488,0,0.000,0.000,0.000,10000.0
2026-09-17T19:28:52.855Z,122,600,33247,81847,281,70,1,1.526,1.700,3.1,3,645.2,0,0.491,0.499,0,0.004,0.005,0.004,10094.1
2026-09-17T19:37:19.845Z,123,600,33494,82494,268,93,1,1.516,1.800,3.0,1,958.9,0,0.503,0.490,0,0.005,0.005,0.004,10037.8
2026-09-17T19:38:40.062Z,124,400,33503,83103,302,98,0,1.462,1.788,3.1,0,1000.0,0,0.518,0.494,0,0.000,0.000,0.000,10000.0
2026-09-17T19:39:59.173Z,125,600,33908,83708,278,78,1,1.540,1.767,3.1,2,603.5,0,0.506,0.496,0,0.004,0.005,0.005,10305.2
2026-09-17T19:41:19.850Z,126,600,34119,84319,263,90,1,1.515,1.684,3.0,2,624.2,0,0.511,0.487,0,0.004,0.004,0.005,10661.9
2026-09-17T19:42:23.605Z,127,600,34327,84927,280,76,1,1.512,1.697,3.1,3,627.1,0,0.484,0.501,0,0.004,0.004,0.004,10691.3
2026-09-17T19:48:40.604Z,128,600,34617,85617,279,79,1,1.454,1.752,2.9,1,931.0,0,0.522,0.477,0,0.005,0.004,0.005,10095.8
2026-09-17T19:52:25.076Z,129,600,35314,86714,277,86,1,1.445,1.776,3.0,3,632.4,0,0.492,0.462,0,0.004,0.004,0.004,10150.4
2026-09-17T19:53:26.346Z,130,400,35321,87321,300,100,0,1.540,1.812,3.1,0,1000.0,0,0.532,0.483,0,0.000,0.000,0.000,10000.0
2026-09-17T19:54:32.562Z,131,400,35527,87927,313,87,0,1.463,1.706,3.1,0,1000.0,0,0.526,0.521,0,0.000,0.000,0.000,10000.0
2026-09-17T19:56:50.624Z,132,600,36802,89402,269,86,1,1.484,1.731,3.0,2,625.2,0,0.485,0.488,0,0.003,0.004,0.004,9943.6
2026-09-17T19:57:54.714Z,133,600,37008,90008,269,80,1,1.501,1.747,3.0,3,615.5,0,0.481,0.516,0,0.005,0.005,0.004,10155.7
2026-09-17T20:00:06.483Z,134,400,37019,90619,281,119,0,1.519,1.759,3.0,0,1000.0,0,0.495,0.520,0,0.000,0.000,0.000,10000.0
2026-09-17T20:01:07.511Z,135,600,37421,91221,270,68,1,1.529,1.772,3.0,3,631.9,0,0.505,0.504,0,0.005,0.004,0.004,11113.3
2026-09-17T20:05:40.276Z,136,600,37779,91979,270,86,1,1.439,1.690,3.0,1,897.3,0,0.498,0.470,0,0.004,0.004,0.005,10157.6
2026-09-17T20:06:45.926Z,137,600,37984,92584,293,71,1,1.476,1.766,3.0,2,591.2,0,0.529,0.514,0,0.005,0.004,0.004,9941.3
2026-09-17T20:07:44.555Z,138,400,37992,93192,305,95,0,1.517,1.713,2.9,0,1000.0,0,0.497,0.491,0,0.000,0.000,0.000,10000.0
2026-09-17T20:08:57.392Z,139,600,38398,93798,292,70,1,1.508,1.671,3.0,2,596.8,0,0.508,0.526,0,0.004,0.004,0.004,10130.1
2026-09-17T20:18:57.431Z,139,5,38620,94615,315,1,10,1.706,1.758,6.4,6249,333.0,2,0.151,0.176,0,0.034,0.076,0.007,71.5
2026-09-17T20:20:01.964Z,140,600,38820,94620,284,71,1,1.502,1.713,3.1,2,634.7,0,0.482,0.471,0,0.004,0.004,0.004,10486.4
2026-09-17T20:22:59.543Z,141,600,39032,95232,283,84,1,1.488,1.737,3.0,2,625.3,0,0.510,0.506,0,0.004,0.003,0.004,10178.3
2026-09-17T20:27:52.264Z,142,600,39235,95835,276,72,1,1.480,1.766,3.2,1,897.1,0,0.510,0.483,0,0.004,0.004,0.004,10399.3
2026-09-17T20:29:10.053Z,143,600,39442,96442,304,55,1,1.527,1.736,3.1,4,605.9,0,0.495,0.497,0,0.004,0.005,0.004,10121.1
2026-09-17T20:30:30.847Z,144,400,39449,97049,311,89,0,1.492,1.728,3.0,0,1000.0,0,0.505,0.514,0,0.000,0.000,0.000,10000.0
2026-09-17T20:32:43.305Z,145,400,39661,97661,312,88,0,1.558,1.789,3.0,0,1000.0,0,0.519,0.511,0,0.000,0.000,0.000,10000.0
2026-09-17T20:34:31.039Z,146,600,40069,98269,274,88,1,1.478,1.770,3.1,1,899.1,0,0.503,0.509,0,0.004,0.004,0.004,9973.2
2026-09-17T20:34:58.021Z,0,600,200,0,286,86,1,1.501,1.750,3.1,2,618.5,0,0.474,0.521,0,0.004,0.004,0.004,10733.1
2026-09-17T20:37:24.569Z,1,600,413,613,278,76,1,1.483,1.779,3.1,2,620.7,0,0.484,0.481,0,0.004,0.004,0.005,11843.8
2026-09-17T20:47:24.611Z,1,296,9273,9777,80,1,76,1.216,3.620,11.0,12554,437.9,2,0.541,0.345,0,0.080,0.112,0.057,5544.3
2026-09-17T20:57:24.625Z,1,236,13314,13878,66,1,109,1.493,3.798,13.5,12897,490.5,2,0.488,0.433,0,0.052,0.198,0.054,5240.8
2026-09-17T21:07:24.659Z,1,211,15778,16367,76,3,132,1.557,3.860,14.8,14361,495.3,2,0.479,0.542,0,0.059,0.232,0.053,3752.9
2026-09-17T21:17:24.685Z,1,194,17537,18143,67,2,144,1.777,3.865,15.3,14363,571.2,0,0.470,0.654,0,0.051,0.374,0.041,1962.3
2026-09-17T21:27:24.703Z,1,175,19304,19929,75,0,164,1.667,3.825,18.7,12073,560.9,2,0.375,0.728,0,0.049,0.323,0.040,7011.8
2026-09-17T21:37:24.740Z,1,188,21049,21661,75,3,201,1.680,3.829,19.3,13746,600.4,1,0.323,0.710,0,0.065,0.469,0.062,4581.4
2026-09-17T21:47:24.777Z,1,145,23231,23886,86,3,214,1.665,3.888,21.3,11215,546.9,3,0.287,0.563,0,0.070,0.529,0.056,13050.8
2026-09-17T21:57:24.816Z,1,171,24879,25508,67,0,222,1.690,3.809,23.3,11269,569.3,2,0.234,0.594,0,0.054,0.638,0.055,3571.7
2026-09-17T22:07:24.854Z,1,170,26718,27348,65,2,249,1.701,3.845,26.7,13314,543.5,1,0.295,0.550,0,0.074,0.700,0.049,4230.0
2026-09-17T22:17:24.858Z,1,128,28278,28950,174,3,268,1.794,3.806,27.6,12012,542.2,0,0.204,0.624,0,0.061,0.775,0.037,1660.5
2026-09-17T22:27:24.880Z,1,161,29595,30234,68,1,272,1.856,3.792,27.2,15557,629.2,2,0.243,0.689,0,0.062,0.740,0.046,3092.7
2026-09-17T22:37:24.882Z,1,153,30865,31512,75,1,292,1.669,3.701,30.0,11038,637.6,1,0.138,0.902,0,0.065,0.779,0.057,6780.4
2026-09-17T22:47:24.918Z,1,188,32748,33360,58,3,313,1.478,3.797,31.9,13150,692.5,0,0.162,0.902,0,0.050,0.809,0.055,1719.8
2026-09-17T22:57:24.920Z,1,171,35199,35828,79,1,335,1.319,3.805,34.5,12308,563.5,3,0.199,0.898,0,0.075,0.764,0.057,12404.6
2026-09-17T23:07:24.973Z,1,182,37723,38341,58,6,363,1.342,3.655,35.7,15699,471.9,3,0.204,0.873,0,0.060,0.748,0.044,12114.6
2026-09-17T23:17:24.986Z,1,202,40463,41061,71,0,382,1.258,3.697,36.1,10002,415.3,3,0.273,0.904,0,0.062,0.787,0.039,11780.7
2026-09-17T23:27:25.024Z,1,216,43301,43885,68,1,400,1.247,3.863,33.6,9632,385.6,0,0.144,0.904,0,0.063,0.681,0.048,1670.9
2026-09-17T23:37:25.061Z,1,221,46697,47276,54,7,429,1.256,3.817,32.0,14927,401.1,1,0.091,0.912,0,0.072,0.650,0.045,6653.3
2026-09-17T23:47:25.095Z,1,214,49445,50031,70,2,453,1.279,3.784,36.2,14305,420.5,0,0.157,0.895,0,0.071,0.664,0.055,1868.4
2026-09-17T23:57:25.152Z,1,234,52270,52836,71,0,472,1.154,3.848,37.1,10864,425.2,0,0.246,0.854,0,0.062,0.690,0.050,2000.9
2026-09-18T00:07:25.154Z,1,222,55882,56460,66,5,502,1.072,3.810,36.7,13531,500.2,1,0.156,0.923,0,0.074,0.627,0.054,8121.6
2026-09-18T00:17:25.177Z,1,213,59899,60486,77,6,543,1.142,3.796,42.9,14441,368.4,2,0.084,0.873,0,0.096,0.557,0.060,6629.0
2026-09-18T00:27:25.181Z,1,182,62542,63160,62,1,567,1.340,3.749,43.9,11995,499.2,2,0.126,0.902,0,0.077,0.416,0.068,3222.1
2026-09-18T00:37:25.185Z,1,194,64640,65246,60,3,578,1.359,3.843,48.7,10474,480.3,0,0.184,0.900,0,0.092,0.305,0.057,1934.8
2026-09-18T00:47:25.190Z,1,164,66916,67552,70,2,596,1.238,3.772,51.7,12567,467.7,3,0.237,0.824,0,0.077,0.365,0.051,12773.3
2026-09-18T00:57:25.192Z,1,243,69468,70025,54,0,618,1.123,3.823,52.8,17882,404.8,2,0.517,0.888,0,0.070,0.340,0.048,4010.6
2026-09-18T01:07:25.197Z,1,186,73132,73746,186,6,666,1.121,3.824,57.9,14652,462.4,0,0.676,0.893,0,0.075,0.446,0.067,3865.1
2026-09-18T01:17:25.203Z,1,237,79373,79936,70,1,713,1.097,3.806,65.1,12788,386.0,2,0.532,0.855,0,0.046,0.573,0.045,5005.5
2026-09-18T01:27:25.231Z,1,219,83149,83730,68,2,758,1.171,3.840,68.8,11913,451.2,0,0.432,0.815,0,0.053,0.656,0.055,1870.8
2026-09-18T01:37:25.264Z,1,236,86721,87285,74,8,781,1.065,3.865,74.0,7065,421.7,1,0.233,0.851,0,0.059,0.791,0.053,4860.0
2026-09-18T01:47:25.283Z,1,244,91126,91682,64,4,793,1.069,3.813,76.6,11158,349.5,1,0.178,0.777,0,0.060,0.797,0.048,5084.9
2026-09-18T01:57:25.290Z,1,191,96448,97057,86,2,814,0.973,3.841,82.5,11397,358.0,3,0.222,0.698,0,0.056,0.752,0.048,13602.0
2026-09-18T02:07:25.291Z,1,227,101845,102418,72,6,863,1.025,3.853,77.9,11968,381.9,1,0.227,0.833,0,0.062,0.516,0.042,8358.8
2026-09-18T02:17:25.294Z,1,232,106575,107143,62,1,902,1.072,3.840,80.9,11203,365.0,2,0.372,0.860,0,0.053,0.560,0.057,4965.1
2026-09-18T02:27:25.349Z,1,246,112540,113094,71,1,947,0.974,3.826,76.3,11692,291.4,1,0.401,0.851,0,0.062,0.597,0.045,8762.0
2026-09-18T02:37:25.371Z,1,267,119098,119631,41,1,989,0.972,3.843,76.8,13333,302.8,2,0.228,0.850,0,0.065,0.746,0.065,5393.4
2026-09-18T02:47:25.373Z,1,237,125398,125961,81,4,1047,0.974,3.850,80.4,11428,358.0,1,0.131,0.815,0,0.070,0.752,0.057,7365.8
2026-09-18T02:57:25.411Z,1,187,130912,131525,57,6,1091,0.991,3.703,83.7,13570,351.5,3,0.160,0.831,0,0.056,0.706,0.058,13247.0
2026-09-18T03:07:25.460Z,1,219,134585,135166,61,1,1115,1.102,3.809,83.0,9480,360.8,2,0.241,0.870,0,0.048,0.750,0.054,4320.8
2026-09-18T03:17:25.515Z,1,200,138018,138618,54,4,1142,1.099,3.788,81.6,10648,343.4,3,0.166,0.934,0,0.096,0.734,0.062,12226.8
2026-09-18T03:27:25.552Z,1,222,141505,142083,53,2,1190,1.185,3.849,83.3,8696,400.7,0,0.154,0.898,0,0.062,0.726,0.046,1911.6
2026-09-18T03:37:25.578Z,1,188,144168,144780,68,2,1220,1.282,3.792,87.9,12838,485.3,0,0.219,0.929,0,0.080,0.710,0.052,1865.1
2026-09-18T03:47:25.582Z,1,139,146402,147063,66,4,1232,1.298,3.738,90.8,15634,526.5,3,0.246,0.820,0,0.092,0.642,0.052,11879.9
2026-09-18T03:57:25.618Z,1,147,148149,148802,75,3,1219,1.432,3.880,90.6,10339,508.6,2,0.225,0.862,0,0.055,0.746,0.049,5693.0
2026-09-18T04:07:25.654Z,1,154,149863,150509,88,2,1227,1.464,3.850,89.9,11888,475.3,1,0.255,0.922,0,0.067,0.699,0.061,3976.7
2026-09-18T04:17:25.697Z,1,168,151483,152115,73,0,1247,1.464,3.693,93.6,13544,489.5,0,0.222,0.910,0,0.072,0.684,0.040,1409.4
2026-09-18T04:27:25.733Z,1,128,153314,153986,76,4,1274,1.379,3.819,93.3,11313,497.5,3,0.254,0.898,0,0.067,0.646,0.060,11154.9
2026-09-18T04:37:25.761Z,1,124,155851,156527,99,1,1308,1.376,3.705,96.1,11483,496.2,3,0.345,0.904,0,0.077,0.538,0.061,10338.1
2026-09-18T04:47:25.786Z,1,150,159069,159719,59,1,1344,1.239,3.768,101.0,13815,454.0,3,0.234,0.936,0,0.088,0.474,0.055,11547.3
2026-09-18T04:57:25.790Z,1,147,162579,163232,159,0,1370,1.243,3.846,97.8,7995,443.6,0,0.085,0.869,0,0.073,0.522,0.046,5915.2
2026-09-18T05:07:25.809Z,1,196,166389,166993,62,4,1404,1.214,3.837,96.3,8533,464.8,0,0.085,0.811,0,0.065,0.510,0.069,1639.6
2026-09-18T05:17:25.849Z,1,214,169490,170076,74,4,1441,1.057,3.866,100.1,10913,516.5,0,0.158,0.877,0,0.053,0.477,0.051,1793.6
2026-09-18T05:27:25.901Z,1,189,172631,173242,66,1,1449,1.220,3.844,103.3,9333,505.5,0,0.137,0.891,0,0.081,0.628,0.079,1747.1
2026-09-18T05:37:25.947Z,1,217,176336,176919,73,8,1460,1.032,3.797,112.1,11457,379.3,1,0.139,0.888,0,0.069,0.651,0.044,4578.3
2026-09-18T05:47:25.959Z,1,190,180861,181471,78,6,1501,1.096,3.848,116.2,14505,354.4,2,0.234,0.903,0,0.068,0.734,0.047,3108.6
2026-09-18T05:57:25.971Z,1,177,184612,185235,48,2,1543,1.213,3.806,121.4,11502,401.7,2,0.375,0.882,0,0.057,0.802,0.043,3394.2
2026-09-18T06:07:26.023Z,1,190,188192,188802,44,1,1573,1.016,3.786,119.1,8934,355.2,3,0.386,0.816,1,0.079,0.739,0.058,11331.3
2026-09-18T06:17:26.061Z,1,152,192366,193014,81,2,1613,1.014,3.862,117.4,9620,405.9,3,0.327,0.845,0,0.082,0.684,0.069,11947.4
2026-09-18T06:27:26.098Z,1,236,196368,196932,86,3,1643,0.955,3.883,115.1,10841,302.5,0,0.227,0.893,0,0.070,0.593,0.054,1677.6
2026-09-18T06:37:26.117Z,1,206,201347,201941,61,4,1653,0.939,3.804,126.0,9811,310.9,2,0.386,0.902,0,0.053,0.712,0.058,7128.0
2026-09-18T06:47:26.151Z,1,250,206363,206913,72,4,1699,0.884,3.789,127.7,9132,343.3,2,0.352,0.888,0,0.071,0.742,0.051,3326.0
2026-09-18T06:57:26.151Z,1,225,210433,211008,52,3,1727,1.011,3.792,135.9,12203,376.5,0,0.429,0.871,0,0.085,0.759,0.046,1788.1
2026-09-18T07:07:26.165Z,1,173,213685,214312,91,4,1742,1.058,3.753,138.2,9249,359.8,2,0.414,0.919,0,0.037,0.808,0.038,6611.7
2026-09-18T07:17:26.168Z,1,168,216304,216936,77,1,1776,1.191,3.808,138.9,11678,418.4,1,0.169,0.888,0,0.079,0.745,0.055,6326.4
2026-09-18T07:27:26.221Z,1,182,218189,218807,49,0,1789,1.197,3.744,141.1,9788,409.7,0,0.180,0.922,0,0.079,0.720,0.065,1561.3
2026-09-18T07:37:26.252Z,1,196,220982,221586,56,2,1819,1.099,3.814,138.5,9155,407.2,0,0.299,0.868,0,0.062,0.789,0.039,1799.6
2026-09-18T07:47:26.264Z,1,125,223447,224122,78,5,1843,1.154,3.826,140.9,9005,377.2,3,0.243,0.920,0,0.061,0.746,0.066,10660.7
2026-09-18T07:57:26.309Z,1,163,225789,226426,39,3,1871,1.171,3.709,146.6,9121,428.0,3,0.187,0.880,0,0.045,0.749,0.046,7728.2
2026-09-18T08:07:26.328Z,1,168,228779,229411,83,5,1914,1.139,3.684,142.8,10730,392.2,2,0.252,0.717,0,0.039,0.810,0.050,3250.2
2026-09-18T08:17:26.380Z,1,138,230949,231611,63,2,1947,1.301,3.683,145.2,10489,444.2,1,0.207,0.562,0,0.075,0.779,0.038,2896.2
2026-09-18T08:27:26.409Z,1,165,232932,233567,62,3,1958,1.251,3.776,148.1,11839,409.7,0,0.232,0.692,0,0.078,0.661,0.069,1324.3
2026-09-18T08:37:26.424Z,1,116,234680,235364,58,4,1982,1.315,3.864,134.7,9165,419.1,3,0.224,0.632,0,0.075,0.620,0.051,9545.2
2026-09-18T08:47:26.450Z,1,136,237220,237884,64,5,2004,1.391,3.756,142.8,8531,454.9,1,0.245,0.588,0,0.059,0.599,0.042,2936.4
2026-09-18T08:57:26.492Z,1,172,240174,240802,71,7,2044,1.160,3.782,151.1,10579,408.8,1,0.217,0.801,0,0.063,0.433,0.061,3351.6
2026-09-18T09:07:26.523Z,1,165,242553,243188,73,8,2075,1.145,3.793,150.7,11945,357.3,1,0.322,0.932,0,0.054,0.417,0.047,5867.7
2026-09-18T09:17:26.562Z,1,172,244858,245486,67,0,2101,1.220,3.830,149.8,9989,395.3,0,0.346,0.849,0,0.052,0.482,0.047,1739.4
2026-09-18T09:27:26.576Z,1,124,247041,247717,159,3,2126,1.238,3.827,154.3,10851,375.2,0,0.355,0.785,0,0.054,0.639,0.047,2196.9
2026-09-18T09:37:26.622Z,1,168,249242,249874,50,5,2166,1.165,3.811,154.5,12478,435.6,3,0.315,0.716,0,0.081,0.575,0.052,8588.3
2026-09-18T09:47:26.656Z,1,473,254887,255214,69,2,2166,1.267,3.850,161.5,12968,457.4,1,0.272,0.586,0,0.068,0.481,0.058,10798.8
2026-09-18T09:57:26.670Z,1,367,260889,261322,57,1,2188,1.309,3.849,167.5,12558,468.7,3,0.270,0.795,0,0.056,0.524,0.041,30570.8
2026-09-18T10:07:26.683Z,1,509,267185,267476,55,1,2208,1.249,3.841,163.0,13184,467.4,0,0.259,0.860,0,0.056,0.571,0.049,4413.4
2026-09-18T10:17:26.685Z,1,428,273287,273659,59,1,2243,1.434,3.862,172.2,14435,536.1,2,0.354,0.808,0,0.058,0.531,0.039,9783.5
2026-09-18T10:27:26.695Z,1,320,278895,279375,63,1,2246,1.830,3.825,172.3,13545,603.3,2,0.414,0.694,0,0.065,0.457,0.048,9182.6
2026-09-18T10:37:26.744Z,1,286,283789,284303,63,0,2276,1.968,3.831,171.9,16051,694.5,2,0.391,0.689,0,0.060,0.442,0.046,8837.4
2026-09-18T10:47:26.778Z,1,223,287736,288313,74,1,2297,2.204,3.828,170.2,16347,667.6,3,0.331,0.667,0,0.057,0.473,0.042,25413.9
2026-09-18T10:57:26.805Z,1,205,291346,291941,65,1,2318,2.251,3.780,173.8,19324,675.8,3,0.391,0.826,0,0.059,0.535,0.038,25190.7
2026-09-18T11:07:26.859Z,1,215,294949,295534,60,1,2343,2.163,3.838,178.7,11511,665.3,3,0.336,0.833,0,0.061,0.566,0.039,24565.6
2026-09-18T11:17:26.899Z,1,199,298506,299107,51,3,2354,2.310,3.832,180.5,15951,719.2,3,0.558,0.910,0,0.054,0.712,0.043,23089.4
2026-09-18T11:27:26.944Z,1,250,301756,302306,50,1,2372,2.266,3.794,177.8,14915,698.1,2,0.655,0.884,0,0.062,0.779,0.044,12962.9
2026-09-18T11:37:26.954Z,1,230,305070,305640,75,3,2400,2.229,3.823,178.4,16058,671.3,1,0.692,0.875,0,0.077,0.756,0.042,13461.3
2026-09-18T11:47:26.992Z,1,203,308260,308857,78,3,2429,2.226,3.835,182.0,15470,716.6,3,0.636,0.887,0,0.065,0.740,0.038,23328.2
2026-09-18T11:57:27.025Z,1,257,311355,311898,60,1,2459,2.191,3.770,182.8,18830,725.7,1,0.671,0.886,0,0.074,0.714,0.047,9421.3
2026-09-18T12:07:27.060Z,1,213,314519,315106,61,3,2463,2.255,3.845,182.6,21188,708.7,1,0.652,0.899,0,0.077,0.714,0.038,12330.6
2026-09-18T12:17:27.104Z,1,223,317334,317911,57,1,2498,2.161,3.783,185.0,14933,701.4,2,0.669,0.919,0,0.050,0.687,0.043,12056.9
2026-09-18T12:27:27.144Z,1,221,320277,320856,49,3,2522,2.216,3.865,185.9,15662,667.6,2,0.637,0.859,0,0.054,0.695,0.040,12043.8
2026-09-18T12:37:27.146Z,1,216,322973,323557,69,1,2547,2.223,3.893,189.9,20843,724.2,1,0.698,0.878,0,0.076,0.723,0.032,10016.9
2026-09-18T12:47:27.151Z,1,204,325786,326382,87,1,2563,2.267,3.795,198.7,14219,703.9,2,0.654,0.737,0,0.042,0.669,0.056,9852.3
2026-09-18T12:57:27.202Z,1,225,328278,328853,62,0,2581,2.220,3.845,191.3,14959,675.2,0,0.693,0.884,0,0.060,0.698,0.046,3194.2
2026-09-18T13:07:27.231Z,1,255,331194,331739,57,2,2606,2.076,3.818,201.8,14115,730.3,0,0.728,0.872,0,0.056,0.700,0.047,3257.5
2026-09-18T13:17:27.254Z,1,235,334258,334823,49,2,2631,2.183,3.831,206.4,16636,709.9,0,0.767,0.892,0,0.058,0.696,0.044,3165.3
2026-09-18T13:27:27.300Z,1,248,337357,337909,62,2,2645,2.115,3.809,208.9,18993,716.7,0,0.706,0.785,0,0.047,0.738,0.050,3247.2
2026-09-18T13:37:27.318Z,1,182,340002,340620,61,1,2672,2.182,3.861,214.3,17699,683.4,3,0.747,0.852,0,0.051,0.771,0.034,21371.1
2026-09-18T13:47:27.369Z,1,184,342946,343562,66,3,2702,2.104,3.838,217.5,14742,707.3,3,0.828,0.855,0,0.044,0.763,0.041,21978.6
2026-09-18T13:57:27.372Z,1,212,345918,346506,56,2,2729,2.073,3.835,217.1,18915,648.2,3,0.884,0.846,1,0.068,0.739,0.048,20044.6
2026-09-18T14:07:27.392Z,1,216,348978,349562,89,3,2760,2.064,3.859,225.3,13460,651.7,1,0.825,0.914,0,0.056,0.805,0.044,10066.9
2026-09-18T14:17:27.429Z,1,228,351879,352451,70,0,2789,2.199,3.753,222.1,15430,664.2,0,0.836,0.854,0,0.047,0.736,0.046,3151.3
2026-09-18T14:27:27.460Z,1,178,354667,355289,75,3,2810,2.175,3.796,232.2,16835,692.5,3,0.729,0.810,1,0.049,0.721,0.041,20768.0
2026-09-18T14:37:27.474Z,1,215,357534,358119,52,4,2837,1.977,3.735,226.2,15453,679.9,2,0.653,0.744,0,0.065,0.622,0.049,11075.4
2026-09-18T14:47:27.497Z,1,215,360487,361072,68,1,2859,2.003,3.828,228.2,13537,637.8,2,0.496,0.839,0,0.046,0.616,0.044,8071.2
2026-09-18T14:57:27.562Z,1,222,363966,364544,49,4,2898,1.987,3.819,235.5,14458,710.1,2,0.472,0.765,0,0.066,0.548,0.047,7116.0
2026-09-18T15:07:27.586Z,1,232,367405,367973,59,2,2933,1.896,3.815,236.7,19933,691.5,2,0.419,0.825,0,0.072,0.585,0.049,7192.2
2026-09-18T15:17:27.642Z,1,223,370624,371201,64,1,2955,2.086,3.807,230.9,18585,687.5,2,0.432,0.816,0,0.094,0.569,0.045,7336.1
2026-09-18T15:27:27.680Z,1,206,372871,373465,53,1,2932,2.242,3.846,235.6,15266,732.1,2,0.375,0.813,0,0.056,0.520,0.043,5517.5
2026-09-18T15:37:27.713Z,1,203,375003,375600,61,1,2959,2.255,3.876,238.5,16070,720.8,2,0.564,0.830,0,0.060,0.623,0.037,5536.8
2026-09-18T15:47:27.713Z,1,194,376935,377541,63,0,2975,2.271,3.851,242.6,13207,714.3,1,0.604,0.859,0,0.084,0.686,0.039,6378.2
2026-09-18T15:57:27.761Z,1,189,378978,379589,79,3,2989,2.271,3.826,232.7,14642,720.7,1,0.741,0.838,0,0.041,0.673,0.040,8930.9
2026-09-18T16:07:27.782Z,1,207,380960,381553,62,1,2990,2.269,3.838,232.0,14477,693.0,0,0.866,0.907,0,0.056,0.714,0.059,2919.9
2026-09-18T16:17:27.812Z,1,160,382869,383509,79,2,3010,2.203,3.844,227.0,12880,639.8,3,0.872,0.911,0,0.054,0.640,0.051,19668.4
2026-09-18T16:27:27.849Z,1,167,385094,385727,58,0,3030,2.108,3.808,235.7,17623,713.4,3,0.880,0.913,0,0.067,0.641,0.043,18426.0
2026-09-18T16:37:27.901Z,1,219,387704,388285,56,5,3061,1.974,3.774,231.7,16186,703.3,1,0.889,0.900,0,0.052,0.663,0.046,6156.7
2026-09-18T16:47:27.954Z,1,167,390739,391372,80,0,3109,1.963,3.787,237.2,11087,656.3,3,0.875,0.898,0,0.055,0.616,0.051,19337.4
2026-09-18T16:57:28.007Z,1,213,393739,394326,71,1,3135,1.969,3.786,236.0,12554,677.5,2,0.816,0.881,0,0.089,0.521,0.041,5532.2
2026-09-18T17:07:28.039Z,1,166,396520,397154,88,1,3145,1.941,3.847,244.0,14987,631.1,3,0.816,0.885,0,0.070,0.527,0.057,19149.7
2026-09-18T17:17:28.091Z,1,189,398784,399395,54,2,3159,2.064,3.856,235.9,20662,647.6,3,0.658,0.917,0,0.055,0.400,0.050,11320.6
2026-09-18T17:27:28.091Z,1,163,401345,401982,85,1,3161,2.040,3.850,230.7,13356,667.6,3,0.582,0.880,0,0.068,0.426,0.045,18792.6
2026-09-18T17:37:28.098Z,1,227,404004,404577,54,2,3194,1.952,3.754,236.6,13795,656.3,0,0.630,0.872,0,0.051,0.345,0.061,2920.2
2026-09-18T17:47:28.135Z,1,202,406515,407113,87,1,3229,1.985,3.800,242.0,15648,686.4,1,0.564,0.871,0,0.054,0.429,0.049,6364.3
2026-09-18T17:57:28.156Z,1,210,408697,409287,52,0,3225,2.091,3.823,240.9,14483,677.8,0,0.684,0.900,0,0.063,0.294,0.053,2736.9
2026-09-18T18:07:28.177Z,1,228,411633,412205,53,0,3237,1.822,3.845,237.9,12916,685.6,2,0.764,0.859,0,0.052,0.281,0.045,5751.6
2026-09-18T18:17:28.195Z,1,204,414482,415078,47,1,3262,1.898,3.820,242.8,16001,657.9,0,0.508,0.859,0,0.065,0.508,0.045,2895.6
2026-09-18T18:27:28.196Z,1,203,417569,418166,76,0,3286,1.839,3.836,247.1,16184,622.0,2,0.696,0.900,0,0.093,0.427,0.042,9401.1
2026-09-18T18:37:28.212Z,1,223,421019,421596,64,2,3305,1.865,3.845,239.6,14306,718.8,2,0.693,0.834,0,0.072,0.438,0.053,6349.1
2026-09-18T18:47:28.236Z,1,148,423526,424178,73,2,3324,2.065,3.714,249.0,15804,669.3,3,0.728,0.865,0,0.057,0.386,0.051,19438.7
2026-09-18T18:57:28.272Z,1,176,425497,426121,89,4,3349,2.107,3.795,246.5,16493,669.3,1,0.750,0.740,0,0.078,0.310,0.043,8241.5
2026-09-18T19:07:28.273Z,1,191,427511,428120,54,1,3355,2.066,3.806,251.8,12643,694.3,0,0.688,0.801,0,0.080,0.346,0.042,2747.2
2026-09-18T19:17:28.294Z,1,188,429322,429934,61,3,3373,2.109,3.780,254.2,15512,692.8,2,0.694,0.806,0,0.116,0.397,0.044,5314.4
2026-09-18T19:27:28.313Z,1,211,431267,431856,54,1,3381,2.062,3.816,255.9,14255,632.1,0,0.809,0.734,0,0.071,0.346,0.050,2973.4
2026-09-18T19:37:28.346Z,1,159,433357,433998,69,2,3404,2.020,3.821,256.7,16099,644.3,3,0.782,0.641,0,0.072,0.322,0.038,19407.3
2026-09-18T19:47:28.376Z,1,176,435443,436067,78,4,3419,2.147,3.792,248.6,19672,669.7,2,0.776,0.775,0,0.110,0.361,0.041,4772.8
2026-09-18T19:57:28.391Z,1,211,437400,437989,58,3,3420,1.995,3.849,253.8,16212,642.4,0,0.857,0.761,0,0.060,0.426,0.043,2796.3
2026-09-18T20:07:28.409Z,1,173,439204,439831,62,1,3419,2.160,3.830,256.7,11954,679.4,2,0.895,0.787,0,0.053,0.572,0.041,10156.6
2026-09-18T20:17:28.430Z,1,160,440660,441300,64,1,3432,2.257,3.885,257.0,12854,717.6,2,0.844,0.843,0,0.061,0.553,0.041,9658.9
2026-09-18T20:27:28.467Z,1,143,442265,442922,68,3,3448,2.161,3.763,259.6,15567,712.5,3,0.830,0.820,0,0.064,0.634,0.045,17136.5
2026-09-18T20:37:28.505Z,1,180,444114,444734,76,3,3464,2.158,3.811,257.4,16357,647.5,1,0.836,0.895,0,0.073,0.717,0.039,6360.1
2026-09-18T20:47:28.525Z,1,161,445681,446320,73,0,3489,2.253,3.781,253.0,13848,673.1,2,0.780,0.876,0,0.071,0.715,0.045,6166.3
2026-09-18T20:57:28.571Z,1,177,447225,447848,61,2,3494,2.050,3.837,258.9,20668,687.8,3,0.680,0.867,1,0.052,0.691,0.035,14968.6
2026-09-18T21:07:28.578Z,1,156,449462,450106,80,4,3536,1.863,3.869,262.6,11823,661.0,3,0.627,0.707,0,0.043,0.709,0.032,19540.8
2026-09-18T21:17:28.641Z,1,243,452438,452995,62,6,3565,1.646,3.859,262.6,14818,661.6,0,0.616,0.798,0,0.062,0.660,0.044,2927.9
2026-09-18T21:27:28.643Z,1,241,456421,456980,58,2,3608,1.599,3.834,273.9,14082,637.4,1,0.477,0.923,0,0.059,0.744,0.035,4006.7
2026-09-18T21:37:28.689Z,1,214,460939,461525,60,2,3629,1.665,3.848,273.2,13571,553.1,2,0.602,0.844,0,0.050,0.677,0.047,4979.4
2026-09-18T21:47:28.735Z,1,163,463563,464200,72,1,3652,1.801,3.826,267.2,13141,619.4,3,0.658,0.897,0,0.060,0.692,0.043,16303.6
2026-09-18T21:57:28.741Z,1,170,465844,466474,81,4,3682,1.759,3.721,261.6,14175,636.1,1,0.519,0.892,0,0.098,0.717,0.067,8330.7
2026-09-18T22:07:28.763Z,1,147,468013,468666,71,2,3709,1.595,3.772,279.0,14178,478.1,3,0.342,0.836,1,0.102,0.724,0.045,13195.1
2026-09-18T22:17:28.810Z,1,167,470318,470951,101,0,3742,1.429,3.798,285.2,12057,516.8,0,0.251,0.790,0,0.049,0.715,0.047,2204.9
2026-09-18T22:27:28.828Z,1,251,474357,474906,60,1,3787,1.034,3.760,300.4,9426,412.7,1,0.403,0.645,0,0.052,0.739,0.065,5939.6
2026-09-18T22:37:28.838Z,1,175,481201,481826,82,5,3830,1.059,3.844,307.2,10237,329.5,3,0.520,0.741,0,0.045,0.778,0.054,15215.7
2026-09-18T22:47:28.838Z,1,167,485311,485944,66,2,3855,1.286,3.836,309.3,9769,387.9,3,0.468,0.873,0,0.049,0.803,0.045,14840.4
2026-09-18T22:57:28.845Z,1,157,488160,488803,68,5,3887,1.283,3.887,314.7,10787,457.0,3,0.365,0.851,0,0.042,0.845,0.043,15116.1
2026-09-18T23:07:28.894Z,1,215,491519,492104,72,4,3911,1.242,3.833,306.9,11624,458.1,1,0.442,0.885,0,0.042,0.825,0.044,5556.3
2026-09-18T23:17:28.911Z,1,169,494764,495395,82,1,3927,1.348,3.855,309.7,11675,414.2,2,0.494,0.921,0,0.050,0.821,0.061,7340.3
2026-09-18T23:27:28.921Z,1,209,497546,498137,54,2,3952,1.326,3.860,313.4,9222,495.9,2,0.504,0.872,0,0.056,0.804,0.036,5651.5
2026-09-18T23:37:28.957Z,1,235,500841,501406,72,3,3984,1.108,3.851,310.5,14099,460.3,0,0.576,0.933,0,0.047,0.779,0.046,2310.2
2026-09-18T23:47:29.008Z,1,236,505012,505576,64,2,4003,1.133,3.818,302.4,10359,383.6,0,0.620,0.940,0,0.046,0.773,0.047,2082.5
2026-09-18T23:57:29.057Z,1,164,508199,508835,64,1,4045,1.558,3.829,307.8,10576,605.3,2,0.463,0.943,0,0.049,0.735,0.037,4869.0
2026-09-19T00:07:29.057Z,1,147,510193,510846,94,1,4052,1.701,3.833,308.6,10143,659.7,0,0.451,0.893,0,0.058,0.777,0.037,1997.4
2026-09-19T00:17:29.064Z,1,191,512411,513020,84,3,4075,1.321,3.777,315.6,10732,581.0,1,0.426,0.766,0,0.039,0.781,0.039,4933.9
2026-09-19T00:27:29.081Z,1,226,515730,516304,57,4,4109,1.176,3.870,310.7,8854,483.2,0,0.461,0.647,0,0.059,0.712,0.040,2053.8
2026-09-19T00:37:29.094Z,1,197,519708,520311,74,3,4146,1.264,3.856,302.9,12961,430.5,0,0.365,0.722,0,0.054,0.630,0.042,2101.3
2026-09-19T00:47:29.104Z,1,158,523193,523835,72,2,4180,1.254,3.864,309.3,11046,447.1,3,0.535,0.861,0,0.047,0.732,0.034,14626.6
2026-09-19T00:57:29.149Z,1,204,526586,527182,68,1,4213,1.215,3.808,309.9,8290,506.7,2,0.626,0.881,0,0.047,0.791,0.049,4198.8
2026-09-19T01:07:29.151Z,1,201,530001,530600,80,6,4246,1.223,3.826,314.3,14475,474.0,1,0.531,0.910,0,0.055,0.684,0.047,5259.1
2026-09-19T01:17:29.168Z,1,216,533565,534149,59,3,4284,1.106,3.898,320.4,12672,424.7,0,0.669,0.910,0,0.042,0.780,0.045,2049.8
2026-09-19T01:27:29.206Z,1,142,537321,537979,62,2,4308,1.170,3.837,319.7,10007,438.8,3,0.698,0.867,0,0.033,0.758,0.036,13456.7
2026-09-19T01:37:29.260Z,1,173,542500,543127,63,2,4364,0.989,3.896,325.6,10353,358.1,3,0.643,0.848,0,0.043,0.768,0.047,13418.8
2026-09-19T01:47:29.270Z,1,142,546962,547620,96,4,4392,1.198,3.865,334.8,10217,475.1,3,0.566,0.761,0,0.052,0.570,0.053,13140.8
2026-09-19T01:57:29.300Z,1,201,551257,551856,108,0,4396,1.066,3.863,328.9,11055,462.1,0,0.403,0.900,0,0.052,0.388,0.044,2118.7
2026-09-19T02:07:29.311Z,1,222,555607,556185,64,0,4433,1.225,3.910,318.5,13766,380.7,0,0.513,0.902,0,0.054,0.432,0.035,2245.8
2026-09-19T02:17:29.348Z,1,136,558948,559612,66,0,4462,1.348,3.891,334.1,10511,452.0,3,0.525,0.923,0,0.030,0.590,0.046,13613.2
2026-09-19T02:27:29.412Z,1,193,562123,562730,58,2,4485,1.363,3.870,322.8,14476,467.7,2,0.508,0.902,0,0.061,0.602,0.034,4398.6
2026-09-19T02:37:29.454Z,1,185,566575,567190,70,4,4526,1.121,3.831,329.9,11505,427.0,3,0.461,0.877,0,0.034,0.711,0.037,15713.3
2026-09-19T02:47:29.492Z,1,239,572113,572674,58,4,4563,1.033,3.818,339.7,9225,371.8,1,0.249,0.925,0,0.039,0.661,0.042,5959.7
2026-09-19T02:57:29.554Z,1,162,577334,577972,72,5,4595,1.221,3.837,346.5,10568,369.8,3,0.332,0.931,0,0.051,0.705,0.039,15022.7
2026-09-19T03:07:29.568Z,1,230,581244,581814,63,1,4618,1.136,3.892,345.8,9162,470.8,2,0.309,0.914,0,0.051,0.752,0.040,4646.7
2026-09-19T03:17:29.596Z,1,185,583940,584555,81,2,4620,1.335,3.863,338.6,12823,475.0,2,0.277,0.839,0,0.050,0.753,0.054,4325.8
2026-09-19T03:27:29.599Z,1,157,586308,586951,86,4,4647,1.423,3.850,359.1,9641,592.3,1,0.256,0.897,0,0.057,0.692,0.044,6786.5
2026-09-19T03:37:29.651Z,1,153,588593,589240,79,5,4673,1.244,3.888,349.2,10822,404.6,3,0.222,0.912,0,0.037,0.723,0.039,13416.3
2026-09-19T03:47:29.685Z,1,137,591348,592011,87,2,4690,1.333,3.846,351.5,11928,432.4,3,0.273,0.896,0,0.040,0.769,0.051,13748.7
2026-09-19T03:57:29.698Z,1,154,594271,594917,184,2,4716,1.223,3.840,346.6,9713,419.4,0,0.239,0.917,0,0.048,0.821,0.042,3060.2
2026-09-19T04:07:29.716Z,1,192,597385,597993,56,5,4748,1.344,3.843,359.4,11946,452.9,0,0.364,0.895,0,0.051,0.737,0.034,1953.3
2026-09-19T04:17:29.726Z,1,194,601067,601673,62,3,4784,1.259,3.836,365.3,7758,557.2,2,0.488,0.810,0,0.050,0.670,0.056,4396.6
2026-09-19T04:27:29.777Z,1,197,603637,604240,60,1,4811,1.228,3.890,351.0,11365,459.7,0,0.541,0.836,0,0.041,0.610,0.045,2216.6
2026-09-19T04:37:29.802Z,1,183,606051,606668,71,2,4833,1.239,3.843,368.9,12103,476.4,2,0.610,0.916,0,0.054,0.708,0.044,4860.2
2026-09-19T04:47:29.859Z,1,141,609533,610192,103,4,4867,1.069,3.887,355.6,11552,451.3,3,0.438,0.871,0,0.033,0.730,0.034,13701.6
2026-09-19T04:57:29.892Z,1,204,615105,615701,84,2,4900,1.221,3.855,366.8,11844,438.1,0,0.291,0.907,0,0.064,0.682,0.049,2152.2
2026-09-19T05:07:29.900Z,1,198,618721,619323,69,4,4928,1.139,3.865,367.7,12334,422.0,2,0.439,0.876,0,0.050,0.810,0.037,3912.5
2026-09-19T05:17:29.924Z,1,193,622066,622673,92,3,4952,1.138,3.871,374.2,10532,426.0,2,0.370,0.925,0,0.040,0.762,0.047,4147.6
2026-09-19T05:27:29.942Z,1,172,625308,625936,54,0,4988,1.337,3.862,368.5,9234,466.8,2,0.320,0.894,0,0.043,0.823,0.041,3977.3
2026-09-19T05:37:29.943Z,1,132,626905,627573,75,2,4990,1.651,3.791,370.4,9290,518.3,2,0.314,0.812,0,0.051,0.760,0.045,4223.0
2026-09-19T05:47:29.952Z,1,144,628393,629049,89,4,5015,1.471,3.888,373.9,10459,447.2,2,0.352,0.853,0,0.056,0.817,0.038,3745.7
2026-09-19T05:57:29.998Z,1,134,630632,631298,77,5,5034,1.346,3.884,383.5,9600,427.7,3,0.341,0.924,1,0.046,0.733,0.036,12557.0
2026-09-19T06:07:30.034Z,1,179,632970,633591,82,1,5058,1.326,3.845,376.7,12896,659.6,0,0.310,0.881,0,0.053,0.568,0.066,2078.6
2026-09-19T06:17:30.069Z,1,134,635713,636379,73,2,5086,1.224,3.890,383.0,12171,353.7,3,0.251,0.886,0,0.043,0.635,0.044,12239.1
2026-09-19T06:27:30.102Z,1,142,638964,639622,70,1,5120,1.220,3.884,370.2,11697,380.6,3,0.181,0.879,0,0.050,0.714,0.045,11798.1
2026-09-19T06:37:30.135Z,1,176,641480,642104,85,1,5151,1.260,3.835,382.9,10209,451.3,2,0.162,0.911,0,0.066,0.644,0.042,3770.6
2026-09-19T06:47:30.145Z,1,176,644035,644659,67,3,5168,1.303,3.749,377.8,9747,439.3,0,0.107,0.801,0,0.074,0.552,0.034,1889.7
2026-09-19T06:57:30.146Z,1,144,646128,646784,82,4,5176,1.390,3.924,393.3,9777,488.2,1,0.113,0.824,0,0.047,0.603,0.041,6751.1
2026-09-19T07:07:30.165Z,1,155,648241,648886,74,4,5184,1.159,3.815,391.4,11624,377.6,3,0.137,0.884,0,0.054,0.645,0.036,12375.6
2026-09-19T07:17:30.200Z,1,178,651253,651875,62,3,5216,1.211,3.826,400.1,9858,424.6,2,0.110,0.899,0,0.048,0.611,0.036,3968.4
2026-09-19T07:27:30.220Z,1,136,653297,653961,82,5,5220,1.353,3.848,391.5,11129,463.0,3,0.211,0.941,0,0.047,0.768,0.033,11476.4
2026-09-19T07:37:30.234Z,1,192,655747,656355,55,2,5254,1.174,3.896,396.7,9176,401.4,1,0.222,0.894,0,0.043,0.664,0.034,7973.0
2026-09-19T07:47:30.275Z,1,174,658016,658642,81,0,5277,1.220,3.910,400.1,10737,479.8,2,0.139,0.801,0,0.044,0.710,0.039,4062.2
2026-09-19T07:57:30.293Z,1,162,660578,661216,71,2,5294,1.281,3.796,405.7,11790,407.0,1,0.117,0.800,0,0.041,0.724,0.041,4894.2
2026-09-19T08:07:30.315Z,1,162,662791,663429,88,4,5313,1.210,3.857,398.6,9854,423.0,2,0.175,0.926,0,0.050,0.720,0.043,6981.1
2026-09-19T08:17:30.358Z,1,173,665480,666107,94,6,5342,1.202,3.867,399.0,10315,360.9,1,0.108,0.943,0,0.044,0.682,0.046,6630.6
2026-09-19T08:27:30.407Z,1,190,669352,669962,82,0,5397,1.060,3.895,415.0,12051,351.5,2,0.156,0.931,0,0.075,0.686,0.052,7158.5
2026-09-19T08:37:30.425Z,1,152,672758,673406,65,2,5414,1.181,3.827,411.6,8412,394.5,3,0.298,0.873,0,0.063,0.642,0.044,11986.1
2026-09-19T08:47:30.446Z,1,194,675817,676423,80,2,5410,1.116,3.894,418.2,9500,355.8,2,0.259,0.857,0,0.043,0.542,0.050,4369.7
2026-09-19T08:57:30.453Z,1,192,679005,679613,65,2,5438,1.145,3.865,403.3,11612,370.4,2,0.267,0.917,0,0.039,0.605,0.041,4028.5
2026-09-19T09:07:30.454Z,1,158,682102,682744,102,4,5468,1.169,3.857,422.1,9038,381.6,1,0.158,0.819,0,0.043,0.444,0.053,6136.7
2026-09-19T09:17:30.498Z,1,176,685616,686240,85,2,5499,1.133,3.855,427.9,13836,443.0,2,0.223,0.893,0,0.044,0.644,0.046,7885.1
2026-09-19T09:27:30.500Z,1,161,688696,689335,77,1,5514,1.254,3.855,426.5,12117,417.8,2,0.200,0.918,0,0.038,0.569,0.049,6924.0
2026-09-19T09:37:30.546Z,1,159,691419,692060,75,2,5541,1.410,3.926,424.3,7531,497.6,1,0.254,0.893,0,0.046,0.556,0.042,4711.3
2026-09-19T09:47:30.588Z,1,139,693672,694333,93,1,5569,1.261,3.872,430.2,14978,428.1,3,0.305,0.883,0,0.040,0.755,0.044,12910.4
2026-09-19T09:57:30.617Z,1,97,695461,696164,121,4,5580,1.622,3.801,419.9,8314,527.8,0,0.258,0.919,0,0.046,0.731,0.044,9545.6
2026-09-19T10:07:30.644Z,1,95,696845,697550,103,2,5596,1.710,3.867,415.5,10930,544.2,3,0.203,0.924,0,0.057,0.748,0.045,11358.6
2026-09-19T10:17:30.680Z,1,140,698047,698707,74,2,5609,1.680,3.809,416.3,9072,579.8,2,0.189,0.943,0,0.053,0.698,0.049,3875.8
2026-09-19T10:27:30.715Z,1,146,699508,700162,80,0,5630,1.496,3.738,423.9,10690,589.5,2,0.299,0.940,0,0.052,0.742,0.052,4492.5
2026-09-19T10:37:30.752Z,1,126,701346,702020,89,2,5654,1.456,3.769,422.7,10491,615.8,3,0.393,0.873,0,0.061,0.759,0.029,11370.9
2026-09-19T10:47:30.755Z,1,179,703717,704338,69,2,5689,1.355,3.804,428.2,11278,661.9,0,0.472,0.855,0,0.051,0.795,0.051,2324.7
2026-09-19T10:57:30.774Z,1,180,706684,707304,105,2,5735,1.096,3.809,430.1,13461,428.4,0,0.442,0.881,0,0.037,0.729,0.067,2192.5
2026-09-19T11:07:30.790Z,1,121,709624,710303,95,1,5726,1.295,3.845,429.4,9063,605.2,3,0.118,0.898,0,0.056,0.679,0.039,12412.4
2026-09-19T11:17:30.809Z,1,174,711753,712379,75,1,5746,1.460,3.812,433.7,14030,525.2,0,0.071,0.878,0,0.060,0.713,0.036,1964.3
2026-09-19T11:27:30.826Z,1,167,713878,714511,74,1,5767,1.354,3.872,427.3,12384,566.1,2,0.128,0.897,0,0.060,0.810,0.053,3958.9
2026-09-19T11:37:30.866Z,1,187,717040,717653,76,2,5782,1.197,3.888,408.5,10547,431.1,1,0.143,0.799,0,0.051,0.720,0.043,4770.4
2026-09-19T11:47:30.911Z,1,146,720770,721424,71,4,5820,1.155,3.842,425.2,9260,394.4,3,0.401,0.664,0,0.034,0.799,0.048,13885.7
2026-09-19T11:57:30.933Z,1,157,723951,724594,68,2,5852,1.330,3.787,430.4,10683,446.9,2,0.276,0.729,0,0.051,0.763,0.042,7495.3
2026-09-19T12:07:30.983Z,1,119,726021,726702,82,3,5856,1.240,3.937,436.6,10239,485.7,3,0.373,0.751,0,0.037,0.852,0.044,11102.6
2026-09-19T12:17:30.987Z,1,169,728420,729051,71,2,5879,1.266,3.891,435.9,7967,388.1,1,0.299,0.715,0,0.065,0.815,0.058,3928.7
2026-09-19T12:27:31.018Z,1,131,731410,732079,92,1,5908,1.096,3.892,435.8,8536,420.6,3,0.333,0.898,0,0.038,0.789,0.074,11957.5
2026-09-19T12:37:31.071Z,1,172,734646,735274,65,2,5939,1.034,3.868,435.4,8923,332.0,2,0.263,0.852,0,0.054,0.802,0.049,6617.0
2026-09-19T12:47:31.122Z,1,175,737395,738020,63,6,5971,1.195,3.882,427.1,9556,417.0,0,0.285,0.907,0,0.043,0.770,0.048,1974.7
2026-09-19T12:57:31.157Z,1,151,739730,740379,82,4,5989,1.221,3.860,443.9,10434,446.2,1,0.376,0.920,0,0.053,0.729,0.049,4103.1
2026-09-19T13:07:31.198Z,1,172,742204,742832,42,1,6010,1.187,3.840,436.2,9933,483.5,2,0.329,0.935,0,0.057,0.800,0.035,3806.9
2026-09-19T13:17:31.220Z,1,153,744788,745435,78,1,6043,1.261,3.738,434.4,11103,465.8,0,0.342,0.935,0,0.096,0.739,0.057,1498.1
2026-09-19T13:27:31.284Z,1,551,748176,748425,63,0,6059,1.106,3.832,431.9,8553,427.1,0,0.198,0.911,0,0.047,0.744,0.038,6345.9
2026-09-19T13:37:31.355Z,1,592,752760,752968,78,1,6082,1.285,3.860,435.5,10078,473.1,0,0.241,0.915,0,0.046,0.815,0.039,6862.0
2026-09-19T13:47:31.405Z,1,457,757151,757494,74,0,6100,1.508,3.890,445.1,15190,560.4,1,0.257,0.888,0,0.040,0.806,0.045,13317.8
2026-09-19T13:57:31.461Z,1,376,761062,761486,73,0,6119,1.799,3.896,433.2,11936,607.0,2,0.223,0.863,0,0.054,0.806,0.038,11408.2
2026-09-19T14:07:31.470Z,1,327,764485,764958,58,2,6139,1.923,3.843,448.0,24350,668.7,1,0.196,0.855,0,0.053,0.820,0.039,19731.3
2026-09-19T14:17:31.518Z,1,306,767903,768397,61,0,6167,2.087,3.808,440.1,15539,686.3,0,0.258,0.828,0,0.043,0.798,0.036,4552.7
2026-09-19T14:27:31.545Z,1,275,770501,771026,46,2,6183,2.147,3.877,443.7,18424,689.6,3,0.306,0.828,0,0.049,0.798,0.035,30876.0
2026-09-19T14:37:31.557Z,1,239,773206,773767,78,1,6205,2.251,3.819,441.3,14731,706.5,3,0.254,0.869,0,0.058,0.767,0.032,32574.0
2026-09-19T14:47:31.559Z,1,287,775961,776474,56,1,6231,2.336,3.831,446.8,17490,729.6,2,0.353,0.914,0,0.061,0.738,0.036,9695.1
2026-09-19T14:57:31.580Z,1,289,778645,779156,81,0,6188,2.303,3.833,440.2,18798,682.8,1,0.512,0.906,0,0.051,0.711,0.044,11344.3
2026-09-19T15:07:31.613Z,1,300,781518,782018,72,1,6207,2.283,3.865,442.5,19290,693.9,1,0.495,0.847,0,0.053,0.777,0.038,11029.2
2026-09-19T15:17:31.655Z,1,292,784455,784963,66,1,6221,2.224,3.855,445.8,19381,721.1,2,0.474,0.825,0,0.058,0.656,0.032,11632.0
2026-09-19T15:27:31.661Z,1,305,787425,787920,57,1,6248,2.191,3.868,447.2,18419,692.7,2,0.549,0.871,0,0.053,0.692,0.036,10625.6
2026-09-19T15:37:31.715Z,1,307,790097,790590,63,0,6256,2.210,3.863,448.4,26858,697.0,0,0.625,0.873,0,0.057,0.689,0.038,4952.6
2026-09-19T15:47:31.744Z,1,310,792928,793418,63,1,6271,2.074,3.865,454.4,17507,635.5,2,0.770,0.880,0,0.052,0.716,0.040,9019.1
2026-09-19T15:57:31.765Z,1,335,795892,796357,68,0,6286,2.014,3.833,450.1,14075,727.7,0,0.861,0.890,0,0.050,0.676,0.035,4904.3
2026-09-19T16:07:31.771Z,1,251,798850,799399,65,2,6313,2.075,3.854,453.4,19571,647.3,3,0.814,0.863,1,0.044,0.713,0.030,31140.6
2026-09-19T16:17:31.799Z,1,282,801746,802264,59,1,6329,2.181,3.860,453.9,16593,687.5,2,0.797,0.875,0,0.067,0.656,0.041,8732.3
2026-09-19T16:27:31.837Z,1,277,804353,804876,63,0,6346,2.267,3.799,445.0,17190,700.4,2,0.787,0.856,0,0.041,0.609,0.036,8673.0
2026-09-19T16:37:31.886Z,1,265,806856,807391,71,0,6358,2.275,3.814,454.4,18066,669.8,2,0.796,0.896,0,0.063,0.589,0.039,8584.7
2026-09-19T16:47:31.903Z,1,255,809474,810019,52,2,6379,2.287,3.889,458.8,20432,685.7,0,0.825,0.863,0,0.053,0.580,0.030,4404.8
2026-09-19T16:57:31.919Z,1,248,812167,812719,60,2,6398,2.296,3.875,463.5,19613,707.0,2,0.750,0.820,0,0.052,0.632,0.034,8286.0
2026-09-19T17:07:31.966Z,1,264,814950,815486,64,2,6421,2.237,3.864,455.2,18183,740.5,1,0.868,0.855,0,0.042,0.591,0.040,10140.1
2026-09-19T17:17:32.003Z,1,205,817700,818295,87,1,6444,2.243,3.882,457.7,19230,729.8,3,0.828,0.808,0,0.044,0.617,0.037,27348.9
2026-09-19T17:27:32.008Z,1,237,820402,820965,74,0,6466,2.246,3.869,458.1,17705,688.5,1,0.863,0.896,0,0.058,0.676,0.031,16787.8
2026-09-19T17:37:32.011Z,1,235,823259,823824,73,0,6492,2.234,3.893,474.1,20008,728.1,0,0.878,0.921,0,0.055,0.671,0.030,3834.2
2026-09-19T17:47:32.033Z,1,262,826151,826689,63,2,6519,2.199,3.844,465.0,17115,701.8,0,0.832,0.909,0,0.058,0.703,0.035,4309.3
2026-09-19T17:57:32.083Z,1,245,829077,829632,85,2,6537,2.199,3.868,464.6,16071,661.4,1,0.729,0.904,0,0.061,0.749,0.036,9054.9
2026-09-19T18:07:32.103Z,1,236,831997,832561,73,1,6563,2.216,3.864,475.9,19107,684.0,1,0.742,0.887,0,0.056,0.728,0.033,8857.1
2026-09-19T18:17:32.123Z,1,226,834846,835420,54,0,6573,2.243,3.807,475.6,15215,649.7,2,0.795,0.854,0,0.035,0.699,0.036,13381.2
2026-09-19T18:27:32.139Z,1,233,837641,838208,51,2,6588,2.320,3.828,473.8,16184,717.3,3,0.752,0.775,0,0.052,0.722,0.032,21917.9
2026-09-19T18:37:32.152Z,1,193,840425,841032,68,4,6612,2.206,3.843,473.5,14927,662.7,3,0.709,0.912,0,0.062,0.743,0.037,25518.7
2026-09-19T18:47:32.154Z,1,181,843423,844042,74,1,6641,2.204,3.818,481.9,14059,667.6,3,0.755,0.902,0,0.042,0.695,0.041,24246.2
2026-09-19T18:57:32.187Z,1,229,846461,847032,74,1,6669,2.218,3.827,478.0,18305,720.2,0,0.851,0.893,0,0.058,0.598,0.031,3695.1
2026-09-19T19:07:32.195Z,1,237,849245,849808,69,0,6677,2.179,3.879,481.3,16721,684.1,0,0.789,0.837,0,0.058,0.522,0.033,3805.8
2026-09-19T19:17:32.222Z,1,225,852223,852798,99,2,6704,2.175,3.865,483.4,17501,673.0,1,0.819,0.743,0,0.053,0.471,0.029,11062.3
2026-09-19T19:27:32.257Z,1,232,854811,855379,62,0,6717,2.245,3.893,470.6,16656,672.1,0,0.890,0.816,0,0.054,0.605,0.040,3885.0
2026-09-19T19:37:32.264Z,1,173,857312,857939,77,1,6743,2.213,3.836,484.7,14554,746.6,3,0.841,0.905,0,0.052,0.574,0.030,23030.2
2026-09-19T19:47:32.266Z,1,182,860033,860651,74,1,6759,2.058,3.861,481.7,12213,718.8,3,0.789,0.926,0,0.045,0.493,0.031,22792.3
2026-09-19T19:57:32.277Z,1,234,863064,863630,47,0,6782,2.102,3.862,488.4,15295,705.2,0,0.801,0.886,0,0.052,0.559,0.038,3671.4
2026-09-19T20:07:32.315Z,1,228,865933,866505,66,1,6808,2.083,3.892,495.2,18684,636.0,0,0.881,0.890,0,0.037,0.468,0.031,3699.1
2026-09-19T20:17:32.348Z,1,239,869203,869764,60,0,6835,1.922,3.896,485.3,14660,628.2,0,0.763,0.893,0,0.058,0.754,0.039,3454.5
2026-09-19T20:27:32.407Z,1,192,872779,873387,77,5,6861,1.872,3.847,487.9,17403,701.1,3,0.677,0.867,0,0.037,0.807,0.036,24760.6
2026-09-19T20:37:32.413Z,1,246,876367,876921,52,1,6893,1.744,3.878,488.8,15766,531.4,3,0.838,0.814,0,0.042,0.832,0.037,19824.4
2026-09-19T20:47:32.451Z,1,251,880304,880853,64,0,6927,1.801,3.903,504.9,15713,663.9,2,0.820,0.807,0,0.049,0.790,0.036,7159.4
2026-09-19T20:57:32.488Z,1,216,883594,884178,58,1,6950,2.018,3.827,499.6,13408,669.2,2,0.794,0.824,0,0.047,0.758,0.031,6724.2
2026-09-19T21:07:32.497Z,1,237,886621,887184,70,1,6982,1.896,3.832,500.6,14417,668.5,2,0.623,0.856,0,0.033,0.532,0.032,7272.2
2026-09-19T21:17:32.537Z,1,243,890272,890829,73,1,7008,1.760,3.889,494.5,18042,547.4,2,0.503,0.829,0,0.033,0.440,0.038,7446.6
2026-09-19T21:27:32.564Z,1,292,894170,894678,63,4,7036,1.526,3.872,493.0,18757,530.2,0,0.444,0.837,0,0.051,0.397,0.031,3687.9
2026-09-19T21:37:32.572Z,1,194,898091,898697,77,1,7056,1.711,3.887,490.1,13712,603.2,3,0.599,0.928,0,0.056,0.628,0.048,21711.8
2026-09-19T21:47:32.600Z,1,263,902249,902786,50,1,7081,1.473,3.861,499.9,12755,469.8,2,0.883,0.899,0,0.052,0.772,0.033,13338.2
2026-09-19T21:57:32.647Z,1,199,906784,907385,104,4,7107,1.513,3.900,485.8,11436,502.7,3,0.798,0.850,0,0.040,0.759,0.039,23386.1
2026-09-19T22:07:32.687Z,1,262,911550,912088,74,3,7129,1.470,3.849,491.0,13586,596.3,1,0.883,0.921,0,0.038,0.674,0.037,14883.0
2026-09-19T22:17:32.732Z,1,184,916117,916733,75,1,7159,1.718,3.863,500.4,14802,624.1,3,0.763,0.872,0,0.051,0.651,0.027,20645.9
2026-09-19T22:27:32.755Z,1,191,919237,919846,92,1,7182,1.997,3.862,492.6,16284,641.3,1,0.628,0.834,0,0.064,0.600,0.037,6913.5
2026-09-19T22:37:32.758Z,1,200,921619,922219,100,0,7201,1.981,3.825,503.2,14711,629.8,1,0.556,0.879,0,0.037,0.551,0.051,7258.9
2026-09-19T22:47:32.766Z,1,193,924071,924678,64,2,7203,2.026,3.863,497.7,16130,706.5,1,0.607,0.828,0,0.060,0.509,0.044,7134.6
2026-09-19T22:57:32.788Z,1,151,926205,926854,82,2,7215,2.024,3.849,500.5,17624,700.2,3,0.691,0.872,0,0.070,0.407,0.034,18993.0
2026-09-19T23:07:32.824Z,1,168,928766,929398,90,0,7238,1.825,3.913,502.8,11063,549.5,3,0.808,0.916,0,0.051,0.517,0.046,19819.2
2026-09-19T23:17:32.837Z,1,221,932063,932642,25,0,7261,1.786,3.870,499.0,13649,622.7,3,0.752,0.833,1,0.043,0.692,0.037,11653.3
2026-09-19T23:27:32.880Z,1,158,934672,935314,79,2,7283,1.940,3.866,495.3,13208,581.3,3,0.696,0.884,0,0.048,0.623,0.037,19431.3
2026-09-19T23:37:32.889Z,1,145,937074,937729,73,1,7312,2.051,3.858,490.2,14605,691.6,3,0.613,0.928,1,0.047,0.533,0.047,18105.2
2026-09-19T23:47:32.934Z,1,199,939120,939721,68,0,7327,1.947,3.827,498.7,17930,669.6,2,0.596,0.906,0,0.045,0.517,0.043,6446.5
2026-09-19T23:57:32.980Z,1,160,941721,942361,86,1,7359,1.806,3.838,507.3,10805,591.8,3,0.775,0.922,0,0.051,0.438,0.038,20084.5
2026-09-20T00:07:32.985Z,1,238,944526,945088,67,1,7377,1.768,3.842,502.9,14590,643.7,0,0.741,0.832,0,0.038,0.539,0.041,3638.0
2026-09-20T00:17:33.049Z,1,206,947501,948095,42,3,7406,1.827,3.830,510.6,17184,581.6,3,0.668,0.742,0,0.047,0.647,0.029,11796.7
2026-09-20T00:27:33.056Z,1,202,950457,951055,60,4,7423,1.972,3.895,503.7,13536,648.5,0,0.631,0.805,0,0.049,0.743,0.037,3107.5
2026-09-20T00:37:33.059Z,1,228,952995,953567,65,2,7437,1.767,3.841,495.6,12925,568.0,1,0.556,0.943,0,0.048,0.860,0.029,3671.8
2026-09-20T00:47:33.105Z,1,238,956692,957254,63,1,7453,1.593,3.890,498.7,12755,602.0,0,0.627,0.934,0,0.042,0.853,0.037,3076.9
2026-09-20T00:57:33.138Z,1,223,960988,961565,80,4,7496,1.551,3.919,508.3,12792,521.3,1,0.657,0.902,0,0.039,0.798,0.042,10355.8
2026-09-20T01:07:33.180Z,1,156,964512,965156,84,5,7519,1.698,3.832,503.3,12015,564.1,3,0.485,0.789,0,0.047,0.776,0.051,20538.2
2026-09-20T01:17:33.216Z,1,202,967928,968526,74,0,7551,1.779,3.901,484.8,15837,649.5,2,0.393,0.817,0,0.042,0.809,0.039,5717.5
2026-09-20T01:27:33.216Z,1,165,971133,971768,75,4,7543,1.676,3.850,507.5,11043,595.3,3,0.326,0.899,0,0.051,0.791,0.039,19550.5
2026-09-20T01:37:33.231Z,1,223,974479,975056,53,6,7578,1.678,3.868,504.2,12064,603.0,1,0.207,0.862,0,0.053,0.730,0.038,3113.9
2026-09-20T01:47:33.278Z,1,233,977362,977929,60,2,7605,1.548,3.889,511.8,12773,535.7,0,0.095,0.900,0,0.048,0.593,0.038,3247.4
2026-09-20T01:57:33.332Z,1,160,981293,981933,70,1,7634,1.515,3.870,508.5,11438,573.0,3,0.241,0.818,0,0.054,0.805,0.033,19532.4
2026-09-20T02:07:33.375Z,1,247,985460,986013,53,1,7663,1.363,3.861,530.3,12923,484.6,2,0.261,0.833,0,0.050,0.807,0.042,6620.4
2026-09-20T02:17:33.402Z,1,244,990535,991091,79,0,7705,1.329,3.836,529.8,11317,482.0,1,0.098,0.857,0,0.046,0.831,0.043,7009.3
2026-09-20T02:27:33.429Z,1,204,995100,995696,110,3,7739,1.428,3.891,531.7,11746,525.4,1,0.136,0.861,0,0.046,0.770,0.035,8887.4
2026-09-20T02:37:33.491Z,1,155,998865,999510,77,2,7779,1.639,3.868,539.6,13857,498.8,3,0.108,0.905,0,0.043,0.792,0.035,17243.2
2026-09-20T02:47:33.507Z,1,144,1002083,1002739,80,1,7790,1.647,3.837,536.0,12144,557.0,3,0.113,0.844,0,0.040,0.811,0.046,17179.0
2026-09-20T02:57:33.528Z,1,184,1005018,1005634,90,0,7808,1.456,3.882,534.0,13017,562.9,2,0.111,0.841,0,0.043,0.846,0.035,9935.7
2026-09-20T03:07:33.552Z,1,243,1010295,1010852,79,6,7848,1.243,3.834,539.2,9902,485.7,2,0.194,0.835,0,0.045,0.787,0.045,6879.8
2026-09-20T03:17:33.602Z,1,197,1015228,1015831,103,5,7879,1.439,3.895,537.5,11781,499.6,1,0.283,0.614,0,0.028,0.872,0.036,8101.4
2026-09-20T03:27:33.629Z,1,148,1019218,1019870,98,3,7909,1.435,3.867,547.0,14194,575.7,3,0.309,0.524,0,0.035,0.767,0.044,17896.7
2026-09-20T03:37:33.665Z,1,189,1022378,1022989,84,1,7935,1.618,3.785,548.7,11236,584.4,2,0.152,0.648,0,0.043,0.758,0.033,5040.8
2026-09-20T03:47:33.700Z,1,165,1024509,1025144,74,0,7950,1.725,3.848,554.0,12875,557.5,2,0.068,0.835,0,0.051,0.775,0.042,8900.3
2026-09-20T03:57:33.715Z,1,174,1027580,1028206,69,2,7982,1.489,3.843,554.0,16158,473.7,1,0.118,0.842,0,0.060,0.749,0.043,10299.9
2026-09-20T04:07:33.735Z,1,170,1030159,1030789,71,2,8010,1.529,3.860,555.0,11575,572.8,3,0.144,0.881,0,0.051,0.774,0.037,16682.5
2026-09-20T04:17:33.754Z,1,189,1033337,1033948,68,2,8051,1.414,3.904,553.3,10638,533.0,2,0.064,0.929,0,0.041,0.649,0.036,10455.2
2026-09-20T04:27:33.791Z,1,146,1036849,1037503,71,4,8071,1.462,3.871,559.1,12304,484.4,3,0.092,0.902,0,0.038,0.785,0.043,16965.3
2026-09-20T04:37:33.821Z,1,168,1039811,1040443,85,1,8101,1.434,3.889,565.3,13333,517.0,2,0.100,0.826,0,0.047,0.710,0.046,7242.3
2026-09-20T04:47:33.826Z,1,151,1041844,1042493,76,2,8125,1.706,3.811,549.9,13157,605.5,0,0.095,0.775,0,0.056,0.655,0.030,2044.9
2026-09-20T04:57:33.841Z,1,128,1043097,1043769,76,0,8127,2.012,3.885,565.5,13055,658.6,0,0.081,0.756,0,0.075,0.692,0.052,2106.9
2026-09-20T05:07:33.860Z,1,131,1044276,1044945,100,0,8146,1.843,3.876,553.5,12818,583.7,0,0.109,0.685,0,0.042,0.772,0.030,1690.6
2026-09-20T05:17:33.876Z,1,164,1046053,1046689,83,4,8166,1.556,3.883,563.6,13589,588.0,1,0.100,0.766,0,0.039,0.788,0.034,4827.0
2026-09-20T05:27:33.914Z,1,275,1048464,1048989,72,2,8188,1.974,3.884,562.1,12844,620.9,3,0.111,0.753,0,0.054,0.797,0.029,36666.3
2026-09-20T05:37:33.942Z,1,258,1051254,1051796,79,0,8204,2.289,3.853,565.1,17924,725.2,3,0.134,0.650,0,0.040,0.756,0.033,36730.7
2026-09-20T05:47:33.979Z,1,318,1054051,1054533,64,0,8230,2.288,3.853,566.6,18129,718.4,0,0.171,0.738,0,0.040,0.774,0.034,4907.3
2026-09-20T05:57:34.007Z,1,295,1056837,1057342,60,0,8240,2.317,3.844,579.3,24100,724.1,2,0.210,0.768,0,0.052,0.773,0.040,12221.9
2026-09-20T06:07:34.049Z,1,315,1059490,1059975,50,0,8257,2.297,3.867,564.2,14833,736.0,0,0.137,0.753,0,0.037,0.733,0.037,4724.4
2026-09-20T06:17:34.079Z,1,277,1062166,1062689,57,1,8277,2.322,3.871,573.7,16861,702.7,2,0.145,0.794,0,0.049,0.774,0.033,16497.9
2026-09-20T06:27:34.123Z,1,282,1064808,1065326,77,0,8287,2.332,3.906,563.0,16845,702.9,1,0.078,0.874,0,0.053,0.800,0.036,18487.1
2026-09-20T06:37:34.126Z,1,246,1067250,1067804,53,1,8300,2.370,3.879,575.1,15211,706.7,3,0.173,0.857,0,0.045,0.803,0.033,31088.3
2026-09-20T06:47:34.174Z,1,271,1069794,1070323,49,1,8315,2.379,3.873,577.3,17681,729.2,2,0.237,0.806,0,0.043,0.821,0.030,17046.3
2026-09-20T06:57:34.195Z,1,288,1072361,1072873,70,1,8333,2.331,3.894,580.6,20196,710.7,1,0.273,0.841,0,0.038,0.809,0.043,10894.4
2026-09-20T07:07:34.213Z,1,305,1074811,1075306,59,0,8357,2.328,3.897,585.0,21045,700.8,0,0.192,0.850,0,0.041,0.773,0.039,5034.7
2026-09-20T07:17:34.246Z,1,240,1077247,1077807,88,0,8374,2.327,3.843,585.3,17892,667.6,3,0.247,0.846,0,0.038,0.810,0.035,30396.1
2026-09-20T07:27:34.260Z,1,285,1079738,1080253,26,1,8383,2.312,3.814,603.2,17603,727.2,3,0.227,0.736,0,0.043,0.692,0.031,13681.0
2026-09-20T07:37:34.267Z,1,286,1082290,1082804,51,0,8405,2.338,3.866,598.9,21387,701.4,2,0.421,0.805,0,0.047,0.714,0.031,9345.3
2026-09-20T07:47:34.274Z,1,276,1084808,1085332,58,1,8422,2.330,3.884,591.8,18984,683.6,2,0.512,0.766,0,0.052,0.777,0.037,9298.4
2026-09-20T07:57:34.316Z,1,226,1087310,1087884,54,0,8442,2.365,3.849,601.7,16266,718.9,3,0.474,0.866,1,0.042,0.774,0.029,30322.6
2026-09-20T08:07:34.338Z,1,276,1089904,1090428,56,1,8460,2.336,3.886,592.0,19305,696.8,0,0.403,0.867,0,0.051,0.806,0.035,4203.1
2026-09-20T08:17:34.365Z,1,288,1092469,1092981,59,0,8480,2.256,3.892,603.6,16623,692.2,0,0.326,0.892,0,0.057,0.813,0.038,4452.4
2026-09-20T08:27:34.379Z,1,280,1094984,1095504,58,0,8501,2.337,3.885,597.8,16880,690.0,1,0.327,0.858,0,0.061,0.807,0.029,10023.3
2026-09-20T08:37:34.411Z,1,288,1097520,1098032,64,2,8517,2.220,3.834,601.5,22781,689.7,1,0.379,0.844,0,0.054,0.787,0.032,9728.9
2026-09-20T08:47:34.443Z,1,271,1100027,1100556,90,1,8534,2.291,3.881,611.8,15514,711.5,1,0.351,0.802,0,0.041,0.726,0.038,10103.7
2026-09-20T08:57:34.496Z,1,244,1102564,1103120,67,1,8555,2.361,3.855,618.0,15367,664.6,2,0.462,0.808,0,0.038,0.758,0.040,17252.6
2026-09-20T09:07:34.515Z,1,239,1105028,1105589,58,1,8573,2.314,3.831,614.8,18451,716.0,3,0.413,0.835,1,0.048,0.793,0.039,25902.9
2026-09-20T09:17:34.518Z,1,269,1107679,1108210,63,0,8591,2.292,3.856,620.5,16695,697.3,0,0.406,0.885,0,0.043,0.810,0.040,4183.5
2026-09-20T09:27:34.532Z,1,253,1110145,1110692,69,0,8616,2.321,3.864,623.4,19823,692.9,1,0.476,0.907,0,0.052,0.810,0.038,16884.3
2026-09-20T09:37:34.555Z,1,243,1112735,1113292,61,0,8631,2.297,3.863,595.3,17000,712.6,2,0.249,0.921,0,0.046,0.727,0.039,15854.8
2026-09-20T09:47:34.592Z,1,238,1115257,1115819,79,0,8649,2.378,3.864,609.5,16416,724.5,1,0.293,0.896,0,0.050,0.742,0.037,13295.4
2026-09-20T09:57:34.622Z,1,243,1117813,1118370,69,0,8666,2.316,3.861,611.4,20864,676.7,0,0.322,0.902,0,0.052,0.802,0.048,3948.9
2026-09-20T10:07:34.649Z,1,241,1120405,1120964,80,2,8694,2.267,3.870,622.1,15999,708.4,1,0.318,0.874,0,0.042,0.718,0.039,12575.3
2026-09-20T10:17:34.676Z,1,190,1123015,1123625,89,0,8714,2.265,3.854,633.6,15579,693.8,3,0.365,0.830,0,0.064,0.750,0.036,25864.0
2026-09-20T10:27:34.730Z,1,245,1125698,1126253,60,0,8737,2.273,3.882,631.3,18467,723.7,2,0.273,0.805,0,0.060,0.767,0.032,8463.9
2026-09-20T10:37:34.767Z,1,253,1128426,1128973,82,1,8762,2.212,3.900,618.8,15441,711.2,1,0.213,0.724,0,0.053,0.811,0.034,9152.9
2026-09-20T10:47:34.799Z,1,204,1131160,1131756,155,0,8778,2.355,3.830,617.1,17762,719.1,0,0.145,0.738,0,0.037,0.807,0.031,5128.8
2026-09-20T10:57:34.822Z,1,177,1133723,1134346,97,2,8806,2.278,3.892,621.5,18901,704.3,3,0.152,0.800,0,0.044,0.788,0.038,27007.3
2026-09-20T11:07:34.868Z,1,190,1136483,1137093,82,1,8827,2.153,3.847,601.0,18180,683.5,3,0.133,0.855,0,0.046,0.691,0.039,26172.2
2026-09-20T11:17:34.872Z,1,185,1139229,1139844,91,0,8848,2.297,3.888,618.5,15782,723.3,3,0.131,0.868,0,0.053,0.551,0.033,24598.8
2026-09-20T11:27:34.913Z,1,200,1141777,1142377,92,1,8877,2.365,3.891,626.7,15681,748.2,0,0.144,0.772,0,0.031,0.379,0.047,3214.6
2026-09-20T11:37:34.923Z,1,228,1144320,1144892,65,0,8885,2.358,3.844,617.0,15168,730.1,0,0.113,0.893,0,0.033,0.583,0.038,3854.6
2026-09-20T11:47:34.923Z,1,223,1146885,1147462,71,0,8918,2.339,3.854,626.3,16784,685.7,1,0.210,0.861,0,0.051,0.634,0.035,11413.1
2026-09-20T11:57:34.938Z,1,221,1149537,1150116,96,1,8931,2.310,3.835,639.5,20672,698.0,1,0.314,0.821,0,0.050,0.612,0.039,11133.3
2026-09-20T12:07:34.988Z,1,212,1152259,1152847,89,0,8952,2.313,3.861,635.1,17736,667.5,1,0.241,0.847,0,0.038,0.604,0.032,11319.1
2026-09-20T12:17:35.002Z,1,219,1154914,1155495,65,1,8975,2.341,3.908,633.5,18729,710.9,2,0.180,0.810,0,0.046,0.701,0.033,7119.6
2026-09-20T12:27:35.037Z,1,218,1157393,1157975,69,1,8995,2.334,3.865,627.0,16093,708.1,2,0.145,0.871,0,0.047,0.778,0.031,6590.0
2026-09-20T12:37:35.065Z,1,233,1159922,1160489,86,0,9011,2.224,3.848,633.1,20183,727.0,1,0.206,0.899,0,0.055,0.802,0.037,8473.3
2026-09-20T12:47:35.070Z,1,224,1162328,1162904,68,0,9030,2.279,3.853,627.2,19603,716.6,1,0.187,0.884,0,0.039,0.791,0.033,8143.8
2026-09-20T12:57:35.101Z,1,215,1164688,1165273,81,0,9053,2.317,3.838,648.4,18477,662.0,0,0.201,0.883,0,0.050,0.755,0.040,3419.2
2026-09-20T13:07:35.103Z,1,167,1166796,1167429,82,1,9073,2.313,3.907,633.3,15001,702.6,3,0.249,0.925,0,0.050,0.648,0.039,23047.0
2026-09-20T13:17:35.134Z,1,184,1169065,1169681,72,0,9098,2.318,3.855,648.8,20618,700.6,2,0.246,0.916,0,0.054,0.709,0.041,12297.8
2026-09-20T13:27:35.145Z,1,206,1171520,1172114,72,0,9120,2.255,3.879,643.4,20041,709.6,2,0.195,0.942,0,0.043,0.732,0.039,6367.7
2026-09-20T13:37:35.194Z,1,211,1173917,1174506,65,0,9148,2.271,3.835,651.7,18273,689.8,2,0.244,0.874,0,0.042,0.775,0.041,6768.7
2026-09-20T13:47:35.200Z,1,194,1176184,1176790,103,0,9167,2.275,3.865,651.0,15210,741.5,1,0.327,0.829,0,0.049,0.755,0.034,7040.5
2026-09-20T13:57:35.213Z,1,160,1178284,1178924,66,2,9185,2.172,3.895,654.0,15719,685.5,3,0.403,0.852,0,0.047,0.640,0.035,21027.6
2026-09-20T14:07:35.230Z,1,171,1180329,1180958,60,0,9194,2.310,3.884,652.1,18603,713.1,0,0.283,0.908,0,0.051,0.532,0.036,2720.6
2026-09-20T14:17:35.267Z,1,207,1182450,1183043,87,2,9216,2.110,3.845,634.6,16650,686.3,0,0.299,0.861,0,0.070,0.432,0.039,2832.9
2026-09-20T14:27:35.318Z,1,150,1184971,1185621,96,2,9247,2.140,3.848,657.3,17323,698.9,3,0.277,0.810,0,0.046,0.627,0.038,19662.2
2026-09-20T14:37:35.330Z,1,197,1187231,1187834,66,0,9280,2.216,3.891,646.8,14057,713.8,0,0.132,0.711,0,0.057,0.624,0.030,3025.9
2026-09-20T14:47:35.360Z,1,164,1189320,1189956,71,4,9286,2.234,3.887,649.1,13001,704.5,1,0.102,0.655,0,0.042,0.665,0.038,11284.9
2026-09-20T14:57:35.368Z,1,188,1191267,1191879,66,1,9300,2.256,3.892,655.0,15387,700.9,0,0.134,0.837,0,0.050,0.643,0.026,3028.2
2026-09-20T15:07:35.375Z,1,148,1192916,1193568,89,2,9323,2.334,3.835,646.6,16207,708.6,3,0.143,0.855,0,0.056,0.676,0.037,19632.3
2026-09-20T15:17:35.402Z,1,163,1194694,1195331,82,0,9344,2.331,3.896,653.4,14536,643.0,2,0.179,0.894,0,0.045,0.824,0.043,10669.6
2026-09-20T15:27:35.425Z,1,136,1196194,1196858,81,0,9359,2.226,3.835,655.6,14607,681.4,3,0.211,0.873,0,0.055,0.851,0.044,17471.3
2026-09-20T15:37:35.430Z,1,158,1197943,1198585,87,2,9375,2.283,3.853,652.0,17942,701.4,2,0.228,0.873,0,0.079,0.798,0.042,5075.9
2026-09-20T15:47:35.466Z,1,162,1199394,1200032,37,0,9382,2.329,3.817,635.4,20204,710.6,3,0.334,0.867,1,0.042,0.796,0.028,6430.9
2026-09-20T15:57:35.468Z,1,164,1200669,1201305,83,1,9400,2.314,3.887,638.1,16651,691.7,2,0.357,0.896,0,0.042,0.813,0.031,4964.7
2026-09-20T16:07:35.471Z,1,142,1202101,1202759,82,0,9416,2.216,3.827,644.0,12553,623.4,3,0.374,0.892,0,0.044,0.799,0.050,17680.9
2026-09-20T16:17:35.504Z,1,126,1203572,1204246,93,1,9432,2.234,3.831,647.5,18097,634.3,3,0.274,0.865,0,0.048,0.727,0.033,17442.4
2026-09-20T16:27:35.539Z,1,173,1205331,1205958,86,3,9454,2.069,3.853,658.7,15175,680.9,1,0.448,0.894,0,0.054,0.780,0.036,8554.3
2026-09-20T16:37:35.552Z,1,189,1207442,1208053,64,1,9470,2.023,3.869,651.1,15644,667.9,0,0.502,0.852,0,0.043,0.744,0.049,2923.5
2026-09-20T16:47:35.558Z,1,140,1209357,1210017,114,0,9495,2.033,3.779,654.4,15849,698.7,3,0.594,0.877,0,0.047,0.780,0.041,18690.8
2026-09-20T16:57:35.612Z,1,152,1211291,1211939,90,3,9512,2.169,3.911,658.7,14518,695.4,1,0.522,0.919,0,0.054,0.713,0.040,10173.6
2026-09-20T17:07:35.648Z,1,154,1212734,1213380,78,0,9531,2.312,3.834,643.0,15058,721.3,1,0.532,0.897,0,0.053,0.682,0.037,5817.6
2026-09-20T17:17:35.669Z,1,156,1214084,1214728,63,3,9545,2.356,3.864,650.8,14463,715.4,0,0.552,0.822,0,0.057,0.658,0.047,2465.8
2026-09-20T17:27:35.688Z,1,120,1215249,1215929,98,1,9561,2.352,3.871,663.5,20359,674.8,3,0.625,0.918,0,0.057,0.779,0.040,16795.0
2026-09-20T17:37:35.730Z,1,146,1216591,1217245,90,1,9574,2.219,3.858,664.3,16542,687.9,2,0.668,0.924,0,0.052,0.804,0.034,10065.0
2026-09-20T17:47:35.772Z,1,131,1218166,1218835,77,3,9594,2.157,3.888,657.3,13566,612.0,3,0.671,0.908,0,0.062,0.745,0.045,17715.9
2026-09-20T17:57:35.772Z,1,120,1219723,1220403,84,2,9617,2.181,3.805,678.7,14845,658.7,3,0.606,0.927,0,0.042,0.751,0.036,16406.4
2026-09-20T18:07:35.808Z,1,125,1221190,1221865,73,4,9630,2.261,3.827,668.1,15150,669.1,3,0.687,0.895,0,0.079,0.751,0.034,16816.0
2026-09-20T18:17:35.845Z,1,125,1222758,1223433,107,4,9646,2.117,3.887,679.3,16369,616.2,3,0.676,0.899,0,0.052,0.806,0.029,16709.9
2026-09-20T18:27:35.885Z,1,310,1224888,1225378,72,2,9667,2.215,3.833,658.8,16311,715.5,3,0.662,0.850,0,0.057,0.815,0.036,39519.3
2026-09-20T18:37:35.929Z,1,311,1227530,1228019,49,1,9678,2.393,3.867,663.2,20207,717.9,2,0.628,0.777,0,0.043,0.791,0.032,12610.0
2026-09-20T18:47:35.944Z,1,312,1230140,1230628,73,1,9697,2.361,3.863,668.4,17537,727.9,2,0.590,0.708,0,0.053,0.768,0.040,12501.5
2026-09-20T18:57:35.975Z,1,262,1232838,1233376,78,2,9719,2.329,3.847,653.3,16499,711.7,3,0.498,0.698,0,0.053,0.782,0.046,36854.9
2026-09-20T19:07:35.976Z,1,342,1235536,1235994,61,1,9734,2.360,3.850,655.7,20436,691.3,0,0.457,0.734,0,0.054,0.776,0.035,5189.3
2026-09-20T19:17:35.990Z,1,324,1238279,1238755,70,1,9755,2.356,3.855,666.7,18732,694.1,1,0.427,0.737,0,0.054,0.797,0.037,11408.4
2026-09-20T19:27:36.031Z,1,329,1240993,1241464,48,2,9773,2.318,3.867,660.6,18559,721.2,2,0.440,0.890,0,0.043,0.835,0.036,10232.7
2026-09-20T19:37:36.064Z,1,331,1243634,1244103,50,2,9788,2.391,3.878,670.7,17443,731.0,0,0.527,0.916,0,0.062,0.801,0.028,5303.1
2026-09-20T19:47:36.074Z,1,290,1246327,1246837,46,0,9805,2.347,3.855,646.5,18724,729.5,3,0.452,0.880,1,0.045,0.761,0.041,19697.8
2026-09-20T19:57:36.113Z,1,276,1249092,1249616,74,0,9796,2.396,3.895,636.8,18900,700.2,1,0.372,0.898,0,0.043,0.765,0.045,19071.3
2026-09-20T20:07:36.161Z,1,305,1251782,1252277,62,1,9811,2.378,3.886,656.0,16682,714.8,0,0.342,0.917,0,0.041,0.813,0.041,5026.0
2026-09-20T20:17:36.201Z,1,282,1254377,1254895,36,1,9825,2.381,3.837,649.2,17017,717.8,3,0.238,0.858,0,0.050,0.797,0.035,19671.1
2026-09-20T20:27:36.245Z,1,281,1257015,1257534,80,0,9845,2.394,3.879,655.7,17982,701.3,1,0.183,0.879,0,0.050,0.775,0.033,14770.7
2026-09-20T20:37:36.298Z,1,309,1259614,1260105,60,4,9848,2.386,3.874,656.1,17129,721.0,0,0.202,0.883,0,0.049,0.777,0.040,5270.0
2026-09-20T20:47:36.312Z,1,282,1262248,1262766,54,1,9872,2.384,3.845,659.6,18359,715.7,0,0.199,0.892,0,0.048,0.790,0.034,4159.9
2026-09-20T20:57:36.349Z,1,234,1264843,1265409,225,0,9896,2.346,3.874,669.6,18421,708.5,0,0.170,0.808,0,0.035,0.806,0.036,17629.6
2026-09-20T21:07:36.355Z,1,284,1267496,1268012,33,1,9912,2.332,3.886,672.0,17603,735.2,3,0.244,0.834,0,0.051,0.663,0.036,21223.1
2026-09-20T21:17:36.363Z,1,275,1270140,1270665,57,0,9935,2.373,3.865,665.1,19243,718.7,2,0.199,0.765,0,0.051,0.640,0.038,11660.7
2026-09-20T21:27:36.391Z,1,275,1272792,1273317,52,0,9944,2.358,3.847,678.7,17665,701.4,2,0.205,0.742,0,0.033,0.594,0.036,11911.9
2026-09-20T21:37:36.406Z,1,248,1275424,1275976,59,2,9959,2.346,3.855,677.9,20121,704.3,3,0.371,0.790,0,0.046,0.722,0.029,31198.6
2026-09-20T21:47:36.418Z,1,265,1278229,1278764,57,0,9983,2.341,3.892,681.0,20284,726.3,0,0.398,0.870,0,0.043,0.696,0.033,4499.6
2026-09-20T21:57:36.430Z,1,279,1281015,1281536,51,0,9993,2.346,3.835,679.4,18296,687.4,1,0.850,0.858,0,0.045,0.809,0.032,6557.1
2026-09-20T22:07:36.433Z,1,267,1283785,1284318,83,3,9998,2.252,3.890,685.4,16154,705.0,1,0.865,0.842,0,0.045,0.807,0.037,18626.1
2026-09-20T22:17:36.466Z,1,256,1286478,1287022,83,0,10018,2.358,3.828,686.9,16695,737.6,1,0.839,0.837,0,0.054,0.766,0.039,13656.4
2026-09-20T22:27:36.505Z,1,210,1289161,1289751,88,2,10034,2.386,3.902,678.4,17900,687.4,3,0.838,0.802,0,0.050,0.720,0.036,31588.9
2026-09-20T22:37:36.523Z,1,248,1291833,1292385,76,1,10053,2.355,3.901,696.7,17379,693.9,1,0.834,0.776,0,0.045,0.709,0.035,13083.3
2026-09-20T22:47:36.535Z,1,248,1294594,1295146,78,1,10074,2.309,3.848,679.9,15698,648.8,0,0.845,0.842,0,0.051,0.732,0.041,4007.4
2026-09-20T22:57:36.557Z,1,265,1297332,1297867,72,1,10093,2.296,3.897,690.1,19219,697.9,1,0.701,0.809,0,0.047,0.704,0.034,9678.6
2026-09-20T23:07:36.579Z,1,212,1299980,1300568,83,1,10119,2.302,3.888,703.5,16793,741.1,3,0.827,0.852,0,0.054,0.596,0.031,30431.7
2026-09-20T23:17:36.624Z,1,257,1302705,1303248,63,2,10135,2.370,3.816,691.7,19245,700.3,2,0.748,0.933,0,0.044,0.737,0.037,8318.4
2026-09-20T23:27:36.645Z,1,270,1305464,1305994,47,0,10152,2.296,3.878,682.8,17233,703.5,0,0.683,0.879,0,0.064,0.735,0.034,4417.7
2026-09-20T23:37:36.660Z,1,270,1308137,1308667,47,2,10169,2.271,3.884,695.7,18966,691.2,2,0.732,0.847,0,0.038,0.674,0.037,8692.6
2026-09-20T23:47:36.684Z,1,275,1310873,1311398,56,0,10188,2.235,3.854,673.0,18779,666.5,0,0.806,0.878,0,0.047,0.663,0.035,4404.8
2026-09-20T23:57:36.705Z,1,243,1313486,1314043,50,1,10205,2.384,3.850,696.0,13323,708.5,0,0.875,0.901,0,0.048,0.760,0.033,4227.9
2026-09-21T00:07:36.736Z,1,199,1316062,1316663,75,1,10228,2.345,3.873,693.5,16622,673.3,3,0.834,0.921,0,0.055,0.702,0.041,28417.0
2026-09-21T00:17:36.768Z,1,200,1318641,1319241,71,0,10245,2.343,3.898,687.9,19325,683.0,3,0.748,0.917,0,0.049,0.594,0.034,27287.4
2026-09-21T00:27:36.815Z,1,233,1321218,1321785,72,0,10259,2.347,3.880,701.4,15019,675.0,2,0.863,0.841,0,0.047,0.606,0.034,7919.3
2026-09-21T00:37:36.851Z,1,237,1323898,1324461,62,0,10285,2.327,3.871,697.5,15775,711.7,1,0.829,0.737,0,0.045,0.595,0.034,9169.3
2026-09-21T00:47:36.876Z,1,252,1326612,1327160,54,1,10297,2.328,3.859,690.0,20774,730.4,0,0.823,0.650,0,0.043,0.637,0.033,4168.3
2026-09-21T00:57:36.882Z,1,234,1329259,1329825,51,0,10318,2.293,3.864,689.0,14679,707.2,0,0.674,0.632,0,0.042,0.615,0.032,3733.8
2026-09-21T01:07:36.898Z,1,170,1331808,1332438,109,1,10339,2.387,3.839,713.0,18796,686.5,3,0.737,0.675,0,0.038,0.588,0.040,29225.9
2026-09-21T01:17:36.921Z,1,184,1334418,1335034,73,0,10355,2.339,3.872,704.3,16235,700.6,3,0.821,0.740,0,0.040,0.638,0.035,26359.1
2026-09-21T01:27:36.965Z,1,183,1337105,1337722,84,0,10371,2.277,3.878,720.8,15118,672.5,3,0.872,0.818,0,0.051,0.643,0.038,27306.7
2026-09-21T01:37:37.002Z,1,239,1339898,1340459,80,0,10403,2.295,3.887,721.3,18932,718.4,2,0.880,0.789,0,0.045,0.641,0.033,7790.4
2026-09-21T01:47:37.049Z,1,235,1342627,1343192,56,1,10418,2.346,3.879,719.2,18667,719.7,2,0.885,0.859,0,0.050,0.777,0.031,7933.6
2026-09-21T01:57:37.068Z,1,228,1345181,1345753,34,0,10438,2.345,3.864,720.9,16557,703.3,3,0.830,0.862,1,0.042,0.822,0.031,12199.4
2026-09-21T02:07:37.091Z,1,183,1347793,1348410,88,3,10457,2.320,3.802,723.0,17170,713.6,3,0.791,0.859,0,0.052,0.674,0.032,26277.6
2026-09-21T02:17:37.105Z,1,211,1350299,1350888,78,2,10474,2.288,3.830,713.5,14893,739.7,2,0.689,0.799,0,0.033,0.604,0.043,9265.7
2026-09-21T02:27:37.113Z,1,516,1353285,1353569,66,0,10500,2.404,3.814,711.8,7229,708.3,3,0.961,0.829,0,0.090,0.742,0.075,62963.2
2026-09-21T02:37:37.123Z,1,466,1354833,1355167,62,0,10502,2.414,3.865,724.4,20942,698.2,3,0.927,0.793,0,0.060,0.752,0.037,63310.2
2026-09-21T02:47:37.179Z,1,421,1356440,1356819,61,0,10505,2.398,3.881,736.2,17650,718.3,3,0.906,0.778,0,0.044,0.744,0.033,62388.3
2026-09-21T02:57:37.226Z,1,566,1358261,1358495,52,0,10510,2.387,3.891,730.2,20618,729.1,0,0.873,0.779,0,0.047,0.761,0.032,8931.2
2026-09-21T03:07:37.230Z,1,527,1360349,1360622,58,0,10516,2.393,3.876,730.2,18059,707.1,0,0.853,0.788,0,0.046,0.798,0.032,8053.1
2026-09-21T03:17:37.289Z,1,494,1362227,1362533,42,0,10526,2.370,3.883,738.5,18393,720.0,2,0.852,0.797,0,0.042,0.799,0.029,29748.6
2026-09-21T03:27:37.419Z,1,593,1364105,1364312,43,0,10536,2.321,3.765,730.4,8875,735.7,0,0.806,0.868,0,0.064,0.816,0.051,8165.0
2026-09-21T03:29:57.841Z,0,600,200,0,274,95,1,1.475,1.750,3.0,1,895.5,0,0.532,0.500,0,0.004,0.004,0.005,11298.8
2026-09-21T03:36:35.809Z,1,600,419,619,268,75,1,1.553,1.807,2.9,2,630.8,0,0.482,0.510,0,0.004,0.005,0.004,11838.2
2026-09-21T03:39:21.081Z,2,600,625,1225,265,93,1,1.514,1.744,3.0,2,614.7,0,0.514,0.486,0,0.004,0.004,0.004,11316.0
2026-09-21T03:41:49.597Z,3,600,835,1835,275,81,1,1.512,1.803,3.0,1,895.8,0,0.521,0.516,0,0.004,0.004,0.004,11095.3
